message_id,wpm,snr_requested_db,signal_type,transform,implementation,retention_requested,retention_actual,avg_kept,rmse,snr_db,correlation,rmse_vs_clean,snr_vs_clean_db,corr_vs_clean,retention_pct
0,20,30,clean,FFT,classical,1.0,1.0,256.0,1.2964970136742892e-16,inf,0.9999999999999996,1.2964970136742892e-16,inf,0.9999999999999996,100.0
0,20,30,clean,FFT,classical,0.85,0.8548263428381963,218.83554376657824,0.010719994522344987,33.25343969508678,0.9997641618526618,0.010719994522344987,33.25343969508678,0.9997641618526618,85.0
0,20,30,clean,FFT,classical,0.75,0.7532638428381963,192.83554376657824,0.014249982948343095,30.781044070662116,0.999582789301633,0.014249982948343095,30.781044070662116,0.999582789301633,75.0
0,20,30,clean,FFT,classical,0.5,0.5032638428381963,128.83554376657824,0.022718206990578322,26.729849920371972,0.9989383531768916,0.022718206990578322,26.729849920371972,0.9989383531768916,50.0
0,20,30,clean,FFT,classical,0.45,0.45624378315649866,116.79840848806366,0.024708444581076582,26.000422823299587,0.9987443352996891,0.024708444581076582,26.000422823299587,0.9987443352996891,45.0
0,20,30,clean,FFT,classical,0.25,0.25146095822281167,64.37400530503979,0.04183427322312796,21.426686394093828,0.9963935060616723,0.04183427322312796,21.426686394093828,0.9963935060616723,25.0
0,20,30,clean,FFT,classical,0.1,0.10302345822281167,26.374005305039788,0.07567001518064886,16.27885454206202,0.9881514536000817,0.07567001518064886,16.27885454206202,0.9881514536000817,10.0
0,20,30,clean,FFT,classical,0.05,0.05322654177718833,13.625994694960212,0.10518984951699938,13.41785428763744,0.9769742626883614,0.10518984951699938,13.41785428763744,0.9769742626883614,5.0
0,20,30,clean,FFT,classical,0.02,0.02489845822281167,6.374005305039788,0.17042078029969324,9.226879974669242,0.9383578123074775,0.17042078029969324,9.226879974669242,0.9383578123074775,2.0
0,20,30,clean,FFT,classical,0.01,0.014164041777188328,3.625994694960212,0.20305617452594907,7.705006963142246,0.9112471200475637,0.20305617452594907,7.705006963142246,0.9112471200475637,1.0
0,20,30,clean,DCT,classical,1.0,1.0,256.0,2.0619223287682512e-16,inf,0.9999999999999999,2.0619223287682512e-16,inf,0.9999999999999999,100.0
0,20,30,clean,DCT,classical,0.85,0.8515625,218.0,0.00033893234282218976,63.25507069141797,0.9999997637003974,0.00033893234282218976,63.25507069141797,0.9999997637003974,85.0
0,20,30,clean,DCT,classical,0.75,0.75,192.0,0.0007908804109547873,55.89511458827596,0.999998713354738,0.0007908804109547873,55.89511458827596,0.999998713354738,75.0
0,20,30,clean,DCT,classical,0.5,0.5,128.0,0.003257959772965302,43.59841661119362,0.999978166011136,0.003257959772965302,43.59841661119362,0.999978166011136,50.0
0,20,30,clean,DCT,classical,0.45,0.453125,116.0,0.0041851821567204794,41.423043662703435,0.9999639692367381,0.0041851821567204794,41.423043662703435,0.9999639692367381,45.0
0,20,30,clean,DCT,classical,0.25,0.25,64.0,0.016036482784059183,29.755148516620643,0.9994712112838405,0.016036482784059183,29.755148516620643,0.9994712112838405,25.0
0,20,30,clean,DCT,classical,0.1,0.1015625,26.0,0.04809285517626075,20.21571974333201,0.9952309172466884,0.04809285517626075,20.21571974333201,0.9952309172466884,10.0
0,20,30,clean,DCT,classical,0.05,0.05078125,13.0,0.07422108000897791,16.4467855722793,0.9886034538880941,0.07422108000897791,16.4467855722793,0.9886034538880941,5.0
0,20,30,clean,DCT,classical,0.02,0.0234375,6.0,0.11484979727126868,12.654726305331327,0.972488588690547,0.11484979727126868,12.654726305331327,0.972488588690547,2.0
0,20,30,clean,DCT,classical,0.01,0.01171875,3.0,0.17038201602620753,9.228855910350983,0.9383867707990082,0.17038201602620753,9.228855910350983,0.9383867707990082,1.0
0,20,30,clean,DST,classical,1.0,1.0,256.0,1.9513671901064026e-16,inf,0.9999999999999999,1.9513671901064026e-16,inf,0.9999999999999999,100.0
0,20,30,clean,DST,classical,0.85,0.8515625,218.0,0.006559816360226837,37.51949733148279,0.9999114873474791,0.006559816360226837,37.51949733148279,0.9999114873474791,85.0
0,20,30,clean,DST,classical,0.75,0.75,192.0,0.00923010568304002,34.5531974909934,0.9998247419144168,0.00923010568304002,34.5531974909934,0.9998247419144168,75.0
0,20,30,clean,DST,classical,0.5,0.5,128.0,0.017327477567708766,29.08262405837816,0.9993822092653879,0.017327477567708766,29.08262405837816,0.9993822092653879,50.0
0,20,30,clean,DST,classical,0.45,0.453125,116.0,0.01981348578052914,27.918113212816355,0.9991921456678959,0.01981348578052914,27.918113212816355,0.9991921456678959,45.0
0,20,30,clean,DST,classical,0.25,0.25,64.0,0.031853960021907546,23.7940623506087,0.9979106186697265,0.031853960021907546,23.7940623506087,0.9979106186697265,25.0
0,20,30,clean,DST,classical,0.1,0.1015625,26.0,0.051407601095743875,19.636784198874643,0.9945489974830242,0.051407601095743875,19.636784198874643,0.9945489974830242,10.0
0,20,30,clean,DST,classical,0.05,0.05078125,13.0,0.0722390450406951,16.681891039624666,0.9892073086208114,0.0722390450406951,16.681891039624666,0.9892073086208114,5.0
0,20,30,clean,DST,classical,0.02,0.0234375,6.0,0.11395026940836693,12.72302383786908,0.9729240023258436,0.11395026940836693,12.72302383786908,0.9729240023258436,2.0
0,20,30,clean,DST,classical,0.01,0.01171875,3.0,0.16866317629178837,9.316925468527318,0.9396637043751064,0.16866317629178837,9.316925468527318,0.9396637043751064,1.0
0,20,30,clean,DWT,classical,1.0,1.0,256.0,2.2379752865529405e-16,inf,0.9999999999999999,2.2379752865529405e-16,inf,0.9999999999999999,100.0
0,20,30,clean,DWT,classical,0.85,0.8515625,218.0,0.01745642866475162,29.018223003402312,0.9993732704728617,0.01745642866475162,29.018223003402312,0.9993732704728617,85.0
0,20,30,clean,DWT,classical,0.75,0.75,192.0,0.03715897335092124,22.456056832857634,0.9971579632958344,0.03715897335092124,22.456056832857634,0.9971579632958344,75.0
0,20,30,clean,DWT,classical,0.5,0.5,128.0,0.10130737523593908,13.744509695895697,0.9786608326771098,0.10130737523593908,13.744509695895697,0.9786608326771098,50.0
0,20,30,clean,DWT,classical,0.45,0.453125,116.0,0.11431230232795116,12.695471527407648,0.972749132819225,0.11431230232795116,12.695471527407648,0.972749132819225,45.0
0,20,30,clean,DWT,classical,0.25,0.25,64.0,0.20002527206191253,7.835633568300303,0.9140009718508018,0.20002527206191253,7.835633568300303,0.9140009718508018,25.0
0,20,30,clean,DWT,classical,0.1,0.1015625,26.0,0.31254167125545224,3.959172361398944,0.7733903620632376,0.31254167125545224,3.959172361398944,0.7733903620632376,10.0
0,20,30,clean,DWT,classical,0.05,0.05078125,13.0,0.3806635585886096,2.246504899231408,0.6354984567490669,0.3806635585886096,2.246504899231408,0.6354984567490669,5.0
0,20,30,clean,DWT,classical,0.02,0.0234375,6.0,0.43284005768560335,1.1307820390371812,0.4787852711975041,0.43284005768560335,1.1307820390371812,0.4787852711975041,2.0
0,20,30,clean,DWT,classical,0.01,0.01171875,3.0,0.4623144017712874,0.5585825127753747,0.34740543103314525,0.4623144017712874,0.5585825127753747,0.34740543103314525,1.0
0,20,30,clean,QFT,quantum,1.0,1.0,256.0,2.8475318555563644e-13,244.76795913866866,1.0,2.8475318555563644e-13,244.76795913866866,1.0,100.0
0,20,30,clean,QFT,quantum,0.85,0.8548263428381963,218.83554376657824,0.01071999452234497,33.2534396950868,0.9997641618526613,0.01071999452234497,33.2534396950868,0.9997641618526613,85.0
0,20,30,clean,QFT,quantum,0.75,0.7532638428381963,192.83554376657824,0.014249982948343074,30.78104407066213,0.999582789301634,0.014249982948343074,30.78104407066213,0.999582789301634,75.0
0,20,30,clean,QFT,quantum,0.5,0.5032638428381963,128.83554376657824,0.022718206990578315,26.729849920371972,0.998938353176891,0.022718206990578315,26.729849920371972,0.998938353176891,50.0
0,20,30,clean,QFT,quantum,0.45,0.45624378315649866,116.79840848806366,0.024708444581076624,26.000422823299573,0.9987443352996882,0.024708444581076624,26.000422823299573,0.9987443352996882,45.0
0,20,30,clean,QFT,quantum,0.25,0.25146095822281167,64.37400530503979,0.04183427322312801,21.42668639409382,0.9963935060616727,0.04183427322312801,21.42668639409382,0.9963935060616727,25.0
0,20,30,clean,QFT,quantum,0.1,0.10302345822281167,26.374005305039788,0.07567001518064782,16.27885454206214,0.9881514536000813,0.07567001518064782,16.27885454206214,0.9881514536000813,10.0
0,20,30,clean,QFT,quantum,0.05,0.05322654177718833,13.625994694960212,0.10518984951699852,13.41785428763751,0.9769742626883618,0.10518984951699852,13.41785428763751,0.9769742626883618,5.0
0,20,30,clean,QFT,quantum,0.02,0.02489845822281167,6.374005305039788,0.170420780299692,9.226879974669304,0.9383578123074773,0.170420780299692,9.226879974669304,0.9383578123074773,2.0
0,20,30,clean,QFT,quantum,0.01,0.014164041777188328,3.625994694960212,0.2030561745259534,7.70500696314206,0.9112471200475593,0.2030561745259534,7.70500696314206,0.9112471200475593,1.0
0,20,30,clean,QDCT,quantum,1.0,1.0,256.0,5.24545342081649e-11,199.46167026627143,1.0,5.24545342081649e-11,199.46167026627143,1.0,100.0
0,20,30,clean,QDCT,quantum,0.85,0.8515625,218.0,0.00033893234282221654,63.25507069141729,0.9999997637003982,0.00033893234282221654,63.25507069141729,0.9999997637003982,85.0
0,20,30,clean,QDCT,quantum,0.75,0.75,192.0,0.0007908804109545151,55.89511458827896,0.9999987133547384,0.0007908804109545151,55.89511458827896,0.9999987133547384,75.0
0,20,30,clean,QDCT,quantum,0.5,0.5,128.0,0.0032579597729670167,43.59841661118905,0.9999781660111365,0.0032579597729670167,43.59841661118905,0.9999781660111365,50.0
0,20,30,clean,QDCT,quantum,0.45,0.453125,116.0,0.0041851821567209175,41.423043662702526,0.9999639692367365,0.0041851821567209175,41.423043662702526,0.9999639692367365,45.0
0,20,30,clean,QDCT,quantum,0.25,0.25,64.0,0.016036482784057282,29.75514851662167,0.9994712112838408,0.016036482784057282,29.75514851662167,0.9994712112838408,25.0
0,20,30,clean,QDCT,quantum,0.1,0.1015625,26.0,0.04809285517625996,20.21571974333216,0.9952309172466881,0.04809285517625996,20.21571974333216,0.9952309172466881,10.0
0,20,30,clean,QDCT,quantum,0.05,0.05078125,13.0,0.07422108000897709,16.446785572279396,0.988603453888095,0.07422108000897709,16.446785572279396,0.988603453888095,5.0
0,20,30,clean,QDCT,quantum,0.02,0.0234375,6.0,0.1148497972712708,12.654726305331167,0.9724885886905459,0.1148497972712708,12.654726305331167,0.9724885886905459,2.0
0,20,30,clean,QDCT,quantum,0.01,0.01171875,3.0,0.17038201602620642,9.22885591035104,0.9383867707990111,0.17038201602620642,9.22885591035104,0.9383867707990111,1.0
0,20,30,clean,QDST,quantum,1.0,1.0,256.0,6.557382532779283e-13,237.5227205740398,1.0,6.557382532779283e-13,237.5227205740398,1.0,100.0
0,20,30,clean,QDST,quantum,0.85,0.8515625,218.0,0.006559816360227187,37.51949733148232,0.9999114873474788,0.006559816360227187,37.51949733148232,0.9999114873474788,85.0
0,20,30,clean,QDST,quantum,0.75,0.75,192.0,0.009230105683040205,34.55319749099323,0.9998247419144158,0.009230105683040205,34.55319749099323,0.9998247419144158,75.0
0,20,30,clean,QDST,quantum,0.5,0.5,128.0,0.017327477567708808,29.082624058378137,0.9993822092653883,0.017327477567708808,29.082624058378137,0.9993822092653883,50.0
0,20,30,clean,QDST,quantum,0.45,0.453125,116.0,0.019813485780529088,27.918113212816372,0.999192145667894,0.019813485780529088,27.918113212816372,0.999192145667894,45.0
0,20,30,clean,QDST,quantum,0.25,0.25,64.0,0.03185396002190686,23.79406235060889,0.9979106186697269,0.03185396002190686,23.79406235060889,0.9979106186697269,25.0
0,20,30,clean,QDST,quantum,0.1,0.1015625,26.0,0.0514076010957431,19.636784198874775,0.9945489974830245,0.0514076010957431,19.636784198874775,0.9945489974830245,10.0
0,20,30,clean,QDST,quantum,0.05,0.05078125,13.0,0.07223904504068862,16.681891039625445,0.9892073086208152,0.07223904504068862,16.681891039625445,0.9892073086208152,5.0
0,20,30,clean,QDST,quantum,0.02,0.0234375,6.0,0.11395026940837337,12.72302383786859,0.9729240023258404,0.11395026940837337,12.72302383786859,0.9729240023258404,2.0
0,20,30,clean,QDST,quantum,0.01,0.01171875,3.0,0.16866317629179084,9.316925468527192,0.9396637043751037,0.16866317629179084,9.316925468527192,0.9396637043751037,1.0
0,20,30,clean,QDWT,quantum,1.0,1.0,256.0,3.081596387977237e-12,224.081815836018,0.9999999999999999,3.081596387977237e-12,224.081815836018,0.9999999999999999,100.0
0,20,30,clean,QDWT,quantum,0.85,0.8515625,218.0,0.01745642866475157,29.018223003402337,0.999373270472864,0.01745642866475157,29.018223003402337,0.999373270472864,85.0
0,20,30,clean,QDWT,quantum,0.75,0.75,192.0,0.03715897335092109,22.45605683285767,0.9971579632958355,0.03715897335092109,22.45605683285767,0.9971579632958355,75.0
0,20,30,clean,QDWT,quantum,0.5,0.5,128.0,0.10130737523593841,13.744509695895754,0.978660832677109,0.10130737523593841,13.744509695895754,0.978660832677109,50.0
0,20,30,clean,QDWT,quantum,0.45,0.453125,116.0,0.11431230232795199,12.695471527407582,0.9727491328192249,0.11431230232795199,12.695471527407582,0.9727491328192249,45.0
0,20,30,clean,QDWT,quantum,0.25,0.25,64.0,0.20002527206191242,7.835633568300308,0.9140009718508006,0.20002527206191242,7.835633568300308,0.9140009718508006,25.0
0,20,30,clean,QDWT,quantum,0.1,0.1015625,26.0,0.31254167125545396,3.9591723613988954,0.7733903620632352,0.31254167125545396,3.9591723613988954,0.7733903620632352,10.0
0,20,30,clean,QDWT,quantum,0.05,0.05078125,13.0,0.380663558588611,2.246504899231376,0.6354984567490636,0.380663558588611,2.246504899231376,0.6354984567490636,5.0
0,20,30,clean,QDWT,quantum,0.02,0.0234375,6.0,0.43284005768560246,1.1307820390371983,0.47878527119750713,0.43284005768560246,1.1307820390371983,0.47878527119750713,2.0
0,20,30,clean,QDWT,quantum,0.01,0.01171875,3.0,0.46231440177128685,0.5585825127753848,0.347405431033148,0.46231440177128685,0.5585825127753848,0.347405431033148,1.0
0,20,30,noisy,FFT,classical,1.0,1.0,256.0,1.262290172641038e-16,inf,1.0,0.021789283126934844,27.092472122341317,0.999024559238658,100.0
0,20,30,noisy,FFT,classical,0.85,0.8535933355437666,218.51989389920425,0.00877952088641927,34.99521065292194,0.9998419924463545,0.02398398022935564,26.258905813872772,0.9988180849699035,85.0
0,20,30,noisy,FFT,classical,0.75,0.7521758952254642,192.55702917771885,0.013375591487627984,31.338367055296427,0.9996330133147815,0.025673011060519755,25.667794805725833,0.998645457361653,75.0
0,20,30,noisy,FFT,classical,0.5,0.5019583057029178,128.50132625994695,0.02477982333925506,25.98266286258788,0.9987387975681339,0.030088303617981996,24.28937690679632,0.9981376503749293,50.0
0,20,30,noisy,FFT,classical,0.45,0.4550211372679045,116.48541114058355,0.02720928091020403,25.170285693010047,0.9984791874501019,0.031205051623133116,23.972832856357105,0.9979965405431842,45.0
0,20,30,noisy,FFT,classical,0.25,0.2503212035809019,64.08222811671088,0.044821378359581006,20.834922821015954,0.9958659514527985,0.0443300387538141,20.92336874465421,0.9959497397821178,25.0
0,20,30,noisy,FFT,classical,0.1,0.10164539124668436,26.021220159151195,0.07812400213317697,16.008937315902887,0.987386842449462,0.07633198740212883,16.203199564986285,0.9879420040085517,10.0
0,20,30,noisy,FFT,classical,0.05,0.05464605437665782,13.989389920424403,0.10719555697495349,13.261091276844205,0.9761175950985629,0.10545402609279142,13.396067660528672,0.9768570921890728,5.0
0,20,30,noisy,FFT,classical,0.02,0.02345822281167109,6.005305039787799,0.17167341401300126,9.17056610200839,0.9375265172503193,0.1705003837599874,9.222823747269011,0.9382983187321624,2.0
0,20,30,noisy,FFT,classical,0.01,0.015604277188328913,3.9946949602122017,0.20415127671420147,7.665584975148222,0.9103980143903349,0.20310416072233406,7.702954557864242,0.9112031262713621,1.0
0,20,30,noisy,DCT,classical,1.0,1.0,256.0,2.0991358868561982e-16,inf,0.9999999999999999,0.021789283126934837,27.092472122341317,0.9990245592386582,100.0
0,20,30,noisy,DCT,classical,0.85,0.8515625,218.0,0.0013845625366532307,51.03837545321078,0.9999960632927763,0.021763850581098428,27.102616251713943,0.9990268286458022,85.0
0,20,30,noisy,DCT,classical,0.75,0.75,192.0,0.003002239315459073,44.31572082186449,0.9999814901967091,0.02167548969547423,27.137952606018978,0.9990346914617675,75.0
0,20,30,noisy,DCT,classical,0.5,0.5,128.0,0.009015485709827182,34.764844393421306,0.9998330774222829,0.020834375808849833,27.481721090621622,0.999107941036839,50.0
0,20,30,noisy,DCT,classical,0.45,0.453125,116.0,0.01055118634674472,33.3986011145851,0.9997713597704517,0.020542708955164572,27.604176699942464,0.999132657078127,45.0
0,20,30,noisy,DCT,classical,0.25,0.25,64.0,0.021987565637819853,27.021084001335247,0.9990069965380372,0.022778045664681754,26.70700177843862,0.9989328893518719,25.0
0,20,30,noisy,DCT,classical,0.1,0.1015625,26.0,0.05136608023741959,19.65109846335187,0.9945669798313018,0.04964847758927384,19.93921224557136,0.9949167228790403,10.0
0,20,30,noisy,DCT,classical,0.05,0.05078125,13.0,0.07680944166315519,16.15633481631778,0.9878103414345939,0.07473404249320693,16.386961471369045,0.9884444755445757,5.0
0,20,30,noisy,DCT,classical,0.02,0.0234375,6.0,0.11667899439866754,12.524773430292832,0.9716407416202363,0.11501936400960278,12.641911726512674,0.972406139491437,2.0
0,20,30,noisy,DCT,classical,0.01,0.01171875,3.0,0.17162519991831232,9.173005857318934,0.9375627694336228,0.17044716778095514,9.225535179702065,0.9383380931030162,1.0
0,20,30,noisy,DST,classical,1.0,1.0,256.0,2.0870058379783415e-16,inf,0.9999999999999999,0.021789283126934837,27.092472122341317,0.9990245592386581,100.0
0,20,30,noisy,DST,classical,0.85,0.8515625,218.0,0.0036598747064092644,42.59530262320041,0.9999724930792734,0.022376896571962457,26.861333873387764,0.9989711686138317,85.0
0,20,30,noisy,DST,classical,0.75,0.75,192.0,0.007065191303549987,36.88214846608612,0.999897487518473,0.02332479778756738,26.500973216860622,0.9988819875282712,75.0
0,20,30,noisy,DST,classical,0.5,0.5,128.0,0.01781064127383908,28.851035848834403,0.9993483605436311,0.02708152854107508,25.203867499119603,0.9984916695416789,50.0
0,20,30,noisy,DST,classical,0.45,0.453125,116.0,0.02044525399802992,27.652776773909874,0.9991412266338939,0.028482266622478016,24.765840012918282,0.9983312380545458,45.0
0,20,30,noisy,DST,classical,0.25,0.25,64.0,0.034562537826602645,23.092514500854552,0.997543870453471,0.03646596782499142,22.619576075058863,0.9972615350338832,25.0
0,20,30,noisy,DST,classical,0.1,0.1015625,26.0,0.054596063139760065,19.121400432997504,0.9938600438343267,0.052795962981649826,19.40531665032332,0.9942498222411866,10.0
0,20,30,noisy,DST,classical,0.05,0.05078125,13.0,0.07502922615611012,16.360017635941496,0.9883721347801863,0.07275317459587445,16.62029199239787,0.9890522811163929,5.0
0,20,30,noisy,DST,classical,0.02,0.0234375,6.0,0.1158466730585708,12.586955659541042,0.9720498580681077,0.11413087469458122,12.709268050049342,0.9728368869328745,2.0
0,20,30,noisy,DST,classical,0.01,0.01171875,3.0,0.17004559676343567,9.253319168030437,0.9387445114513114,0.16872705925767648,9.313636218634336,0.9396165645514156,1.0
0,20,30,noisy,DWT,classical,1.0,1.0,256.0,2.08030859990227e-16,inf,0.9999999999999997,0.021789283126934837,27.092472122341317,0.9990245592386582,100.0
0,20,30,noisy,DWT,classical,0.85,0.8515625,218.0,0.017326476966009977,29.09042166891449,0.9993835624591104,0.02791485751097078,24.94062265649269,0.9983977330436825,85.0
0,20,30,noisy,DWT,classical,0.75,0.75,192.0,0.03698319159856774,22.50453923087705,0.9971883081934366,0.04301956986946104,21.184009688223007,0.9961885535123779,75.0
0,20,30,noisy,DWT,classical,0.5,0.5,128.0,0.10096509145984478,13.781202119596651,0.9788423050938958,0.10368236572021466,13.543233005237642,0.977639103185951,50.0
0,20,30,noisy,DWT,classical,0.45,0.453125,116.0,0.11396484448212965,12.729208936104133,0.9729629798792905,0.1161944832757614,12.553620784919847,0.971833237608173,45.0
0,20,30,noisy,DWT,classical,0.25,0.25,64.0,0.20020315009772424,7.835208847888594,0.9139921349185444,0.2008955333754102,7.797925345155665,0.913216684000108,25.0
0,20,30,noisy,DWT,classical,0.1,0.1015625,26.0,0.3128839876016061,3.9569602216743673,0.7732579579445998,0.31283321635775857,3.951073767046135,0.7729059032052822,10.0
0,20,30,noisy,DWT,classical,0.05,0.05078125,13.0,0.38105784339854043,2.244808875318615,0.6353152252214389,0.3807716996156859,2.2440377136822063,0.6352321706958298,5.0
0,20,30,noisy,DWT,classical,0.02,0.0234375,6.0,0.43321115306891805,1.1306343988839165,0.47875790748586805,0.432881103797626,1.1299583973954384,0.4786328702812888,2.0
0,20,30,noisy,DWT,classical,0.01,0.01171875,3.0,0.4623847140704704,0.564557612966895,0.34914104905868143,0.462335982947477,0.5581770585241789,0.3472938530355697,1.0
0,20,30,noisy,QFT,quantum,1.0,1.0,256.0,3.325687309375091e-12,223.42699871612055,1.0,0.02178928312693011,27.092472122343203,0.9990245592386578,100.0
0,20,30,noisy,QFT,quantum,0.85,0.8535933355437666,218.51989389920425,0.00877952088641922,34.99521065292199,0.9998419924463534,0.02398398022935241,26.258905813873938,0.9988180849699034,85.0
0,20,30,noisy,QFT,quantum,0.75,0.7521758952254642,192.55702917771885,0.013375591487627948,31.338367055296455,0.9996330133147802,0.02567301106051643,25.667794805726963,0.9986454573616537,75.0
0,20,30,noisy,QFT,quantum,0.5,0.5019583057029178,128.50132625994695,0.024779823339255037,25.982662862587887,0.9987387975681343,0.030088303617977857,24.289376906797514,0.998137650374931,50.0
0,20,30,noisy,QFT,quantum,0.45,0.4550211372679045,116.48541114058355,0.027209280910204012,25.17028569301005,0.9984791874501033,0.031205051623131315,23.972832856357606,0.9979965405431849,45.0
0,20,30,noisy,QFT,quantum,0.25,0.2503212035809019,64.08222811671088,0.044821378359581006,20.834922821015954,0.9958659514527971,0.04433003875381464,20.923368744654102,0.9959497397821161,25.0
0,20,30,noisy,QFT,quantum,0.1,0.10164539124668436,26.021220159151195,0.0781240021331764,16.008937315902948,0.9873868424494617,0.07633198740212695,16.2031995649865,0.9879420040085511,10.0
0,20,30,noisy,QFT,quantum,0.05,0.05464605437665782,13.989389920424403,0.10719555697495248,13.261091276844288,0.9761175950985631,0.10545402609279017,13.396067660528777,0.976857092189074,5.0
0,20,30,noisy,QFT,quantum,0.02,0.02345822281167109,6.005305039787799,0.1716734140130017,9.170566102008367,0.9375265172503189,0.17050038375998772,9.222823747268995,0.9382983187321619,2.0
0,20,30,noisy,QFT,quantum,0.01,0.015604277188328913,3.9946949602122017,0.20415127671420708,7.6655849751479845,0.9103980143903295,0.20310416072233967,7.702954557864001,0.9112031262713566,1.0
0,20,30,noisy,QDCT,quantum,1.0,1.0,256.0,4.391080971507474e-12,221.01319806869623,0.9999999999999991,0.021789283126929883,27.092472122343292,0.9990245592386586,100.0
0,20,30,noisy,QDCT,quantum,0.85,0.8515625,218.0,0.0013845625366527199,51.03837545321398,0.9999960632927754,0.021763850581102563,27.10261625171229,0.9990268286458014,85.0
0,20,30,noisy,QDCT,quantum,0.75,0.75,192.0,0.0030022393154592476,44.315720821863984,0.9999814901967088,0.02167548969546551,27.13795260602247,0.9990346914617675,75.0
0,20,30,noisy,QDCT,quantum,0.5,0.5,128.0,0.009015485709827605,34.7648443934209,0.9998330774222831,0.02083437580885206,27.481721090620695,0.9991079410368392,50.0
0,20,30,noisy,QDCT,quantum,0.45,0.453125,116.0,0.010551186346745713,33.39860111458428,0.9997713597704516,0.020542708955170002,27.60417669994016,0.9991326570781257,45.0
0,20,30,noisy,QDCT,quantum,0.25,0.25,64.0,0.021987565637820942,27.021084001334813,0.9990069965380356,0.022778045664676425,26.70700177844065,0.9989328893518727,25.0
0,20,30,noisy,QDCT,quantum,0.1,0.1015625,26.0,0.05136608023741677,19.65109846335235,0.9945669798313024,0.049648477589263856,19.939212245573103,0.9949167228790422,10.0
0,20,30,noisy,QDCT,quantum,0.05,0.05078125,13.0,0.0768094416631555,16.156334816317745,0.9878103414345943,0.07473404249320788,16.386961471368934,0.988444475544575,5.0
0,20,30,noisy,QDCT,quantum,0.02,0.0234375,6.0,0.11667899439867135,12.524773430292548,0.9716407416202334,0.11501936400960666,12.64191172651238,0.9724061394914333,2.0
0,20,30,noisy,QDCT,quantum,0.01,0.01171875,3.0,0.17162519991831127,9.173005857318987,0.9375627694336229,0.1704471677809542,9.225535179702112,0.9383380931030176,1.0
0,20,30,noisy,QDST,quantum,1.0,1.0,256.0,4.668493651998812e-12,220.4810915278194,1.0,0.021789283126940534,27.092472122339046,0.999024559238658,100.0
0,20,30,noisy,QDST,quantum,0.85,0.8515625,218.0,0.003659874706408222,42.59530262320289,0.9999724930792739,0.022376896571938514,26.861333873397058,0.9989711686138354,85.0
0,20,30,noisy,QDST,quantum,0.75,0.75,192.0,0.0070651913035505755,36.8821484660854,0.9998974875184737,0.023324797787564962,26.500973216861524,0.998881987528271,75.0
0,20,30,noisy,QDST,quantum,0.5,0.5,128.0,0.017810641273840265,28.851035848833824,0.9993483605436305,0.0270815285410741,25.20386749911992,0.9984916695416796,50.0
0,20,30,noisy,QDST,quantum,0.45,0.453125,116.0,0.020445253998025124,27.652776773911913,0.9991412266338949,0.028482266622454663,24.765840012925402,0.9983312380545496,45.0
0,20,30,noisy,QDST,quantum,0.25,0.25,64.0,0.034562537826601666,23.092514500854797,0.9975438704534726,0.03646596782498755,22.619576075059783,0.9972615350338843,25.0
0,20,30,noisy,QDST,quantum,0.1,0.1015625,26.0,0.05460183191557789,19.12048270559769,0.9938587421694856,0.05279596298164284,19.405316650324473,0.994249822227233,10.0
0,20,30,noisy,QDST,quantum,0.05,0.05078125,13.0,0.07502922615610937,16.36001763594158,0.9883721347801885,0.07275317459587204,16.62029199239816,0.9890522811163942,5.0
0,20,30,noisy,QDST,quantum,0.02,0.0234375,6.0,0.11584667305859092,12.586955659539532,0.9720498580680994,0.11413087469460945,12.709268050047193,0.9728368869328624,2.0
0,20,30,noisy,QDST,quantum,0.01,0.01171875,3.0,0.17004559676343867,9.253319168030284,0.9387445114513095,0.16872705925767947,9.31363621863418,0.9396165645514127,1.0
0,20,30,noisy,QDWT,quantum,1.0,1.0,256.0,3.796092093472544e-12,222.27789218203424,1.0,0.021789283126929036,27.09247212234363,0.9990245592386578,100.0
0,20,30,noisy,QDWT,quantum,0.85,0.8515625,218.0,0.017326476966010973,29.09042166891399,0.9993835624591106,0.027914857510967794,24.940622656493616,0.9983977330436826,85.0
0,20,30,noisy,QDWT,quantum,0.75,0.75,192.0,0.03698319159857161,22.50453923087614,0.9971883081934375,0.04301956986946208,21.1840096882228,0.9961885535123783,75.0
0,20,30,noisy,QDWT,quantum,0.5,0.5,128.0,0.10096509145984368,13.781202119596745,0.978842305093896,0.10368236572021358,13.543233005237735,0.9776391031859508,50.0
0,20,30,noisy,QDWT,quantum,0.45,0.453125,116.0,0.11396484448212965,12.729208936104133,0.9729629798792896,0.11619448327576089,12.553620784919886,0.9718332376081715,45.0
0,20,30,noisy,QDWT,quantum,0.25,0.25,64.0,0.20020315009772324,7.835208847888637,0.913992134918545,0.20089553337540877,7.797925345155726,0.9132166840001092,25.0
0,20,30,noisy,QDWT,quantum,0.1,0.1015625,26.0,0.31288398760159697,3.956960221674621,0.7732579579446154,0.3128332163577492,3.951073767046396,0.7729059032052981,10.0
0,20,30,noisy,QDWT,quantum,0.05,0.05078125,13.0,0.38105784339854104,2.2448088753186015,0.6353152252214374,0.38077169961568674,2.244037713682187,0.6352321706958278,5.0
0,20,30,noisy,QDWT,quantum,0.02,0.0234375,6.0,0.4332111530689074,1.1306343988841296,0.4787579074859079,0.43288110379761496,1.1299583973956608,0.47863287028132995,2.0
0,20,30,noisy,QDWT,quantum,0.01,0.01171875,3.0,0.46238471407046994,0.5645576129669034,0.3491410490586835,0.46233598294747646,0.5581770585241899,0.3472938530355728,1.0
0,20,10,noisy,FFT,classical,1.0,1.0,256.0,1.3321171524120885e-16,inf,1.0,0.2178044773624282,7.095994899645268,0.9152868904600426,100.0
0,20,10,noisy,FFT,classical,0.85,0.8533343003978779,218.45358090185675,0.025814481363064253,26.42174409847465,0.9988596896708315,0.21655681516214453,7.145893848600466,0.916099008400662,85.0
0,20,10,noisy,FFT,classical,0.75,0.7518339688328912,192.46949602122015,0.044225931913549114,21.74547232066508,0.9966492426521217,0.2140947086169462,7.245212288478269,0.9176994474491085,75.0
0,20,10,noisy,FFT,classical,0.5,0.5013780669761273,128.3527851458886,0.09385614806026972,15.20975765207842,0.9848192263767022,0.20104643716762466,7.7914033402754415,0.9259839392314018,50.0
0,20,10,noisy,FFT,classical,0.45,0.4543994529177719,116.3262599469496,0.10409840410477204,14.310130749314073,0.9812917494329801,0.19710590562057725,7.963338230766243,0.9284357411684809,45.0
0,20,10,noisy,FFT,classical,0.25,0.25060096153846156,64.15384615384616,0.15464157122941868,10.872487106804524,0.9582285670204908,0.17134596842154626,9.17985315546482,0.9437613433697845,25.0
0,20,10,noisy,FFT,classical,0.1,0.10175936671087533,26.050397877984086,0.2041384693655464,8.46051509832961,0.9259917358195568,0.1382425498157002,11.044496252818288,0.9614061306547884,10.0
0,20,10,noisy,FFT,classical,0.05,0.05460460875331565,13.978779840848807,0.22892787169049425,7.465038765901925,0.9059468081347125,0.13358668584801608,11.342067452484272,0.9630725473313797,5.0
0,20,10,noisy,FFT,classical,0.02,0.023478945623342174,6.010610079575597,0.27209727356962965,5.96452837737635,0.8641502545545489,0.17924207356516642,8.788531775673231,0.9317080612298889,2.0
0,20,10,noisy,FFT,classical,0.01,0.015583554376657824,3.989389920424403,0.29600145186324495,5.233135355421236,0.8368417907769942,0.20778510913619055,7.505042549157473,0.906915049646503,1.0
0,20,10,noisy,DCT,classical,1.0,1.0,256.0,2.243289683168235e-16,inf,1.0,0.21780447736242817,7.0959948996452695,0.9152868904600427,100.0
0,20,10,noisy,DCT,classical,0.85,0.8515625,218.0,0.010073114956067365,34.59573637588893,0.9998264455714897,0.21760083214084264,7.104119927109958,0.9154218267705682,85.0
0,20,10,noisy,DCT,classical,0.75,0.75,192.0,0.021819504768746636,27.882114394239057,0.9991854182819271,0.21684901211515667,7.134182003898625,0.9159191891702794,75.0
0,20,10,noisy,DCT,classical,0.5,0.5,128.0,0.06312347610543845,18.65519404551665,0.9931619082695653,0.20991897318365424,7.416297096864055,0.9204340180410104,50.0
0,20,10,noisy,DCT,classical,0.45,0.453125,116.0,0.0729703892028641,17.396078927102845,0.9908514283661208,0.20718809841262667,7.5300348751243185,0.9221992915719962,45.0
0,20,10,noisy,DCT,classical,0.25,0.25,64.0,0.12527920398241685,12.701432475533396,0.972786878084638,0.18554345130944908,8.488418350245363,0.9357170333740951,25.0
0,20,10,noisy,DCT,classical,0.1,0.1015625,26.0,0.18103173044083923,9.503918125161396,0.9422846426755589,0.14829717041189713,10.434673673145207,0.9567635118600141,10.0
0,20,10,noisy,DCT,classical,0.05,0.05078125,13.0,0.20997510819434922,8.215655906050262,0.9215169958529091,0.12702111242283037,11.779812726449732,0.967215111729905,5.0
0,20,10,noisy,DCT,classical,0.02,0.0234375,6.0,0.23759845704312413,7.142139859819247,0.8982778877735546,0.13285742293451763,11.389614482367023,0.9632556377253534,2.0
0,20,10,noisy,DCT,classical,0.01,0.01171875,3.0,0.2728359852677594,5.940979173467059,0.8633527308753703,0.17716162842919686,8.889937692612094,0.9333052517981797,1.0
0,20,10,noisy,DST,classical,1.0,1.0,256.0,2.2220015072680863e-16,inf,1.0,0.21780447736242817,7.0959948996452695,0.9152868904600427,100.0
0,20,10,noisy,DST,classical,0.85,0.8515625,218.0,0.010019292528729273,34.642271046507034,0.9998282949148205,0.21760943590431664,7.103776500745721,0.9154150690930252,85.0
0,20,10,noisy,DST,classical,0.75,0.75,192.0,0.021846531159506476,27.871362409432532,0.9991833923379004,0.21688130335176253,7.132888674343593,0.9158922940613449,75.0
0,20,10,noisy,DST,classical,0.5,0.5,128.0,0.06347196741928433,18.607372976232956,0.9930861119147859,0.2100166490698465,7.4122564680718925,0.9203439404409183,50.0
0,20,10,noisy,DST,classical,0.45,0.453125,116.0,0.07328258147037102,17.358996990407054,0.9907727036485062,0.20746003737292554,7.518641928033798,0.9219723911216888,45.0
0,20,10,noisy,DST,classical,0.25,0.25,64.0,0.12550100413079016,12.68606816806029,0.9726893193927065,0.18683751236184987,8.428049438677949,0.9347764162205119,25.0
0,20,10,noisy,DST,classical,0.1,0.1015625,26.0,0.18075428767445134,9.517240020433517,0.9424678401230602,0.14964854493960675,10.355880994517364,0.9559761108193895,10.0
0,20,10,noisy,DST,classical,0.05,0.05078125,13.0,0.2091027691882398,8.251816494268276,0.9221949763940648,0.1268058266967298,11.794546769356637,0.9673585954649708,5.0
0,20,10,noisy,DST,classical,0.02,0.0234375,6.0,0.23735162292261197,7.151168068101082,0.8985000555691138,0.13260102968696094,11.406393033757876,0.9634032044623518,2.0
0,20,10,noisy,DST,classical,0.01,0.01171875,3.0,0.27260040831852167,5.948482140022447,0.8636096150901141,0.17547977287867833,8.972789691320967,0.9345971675609843,1.0
0,20,10,noisy,DWT,classical,1.0,1.0,256.0,2.292407289108226e-16,inf,1.0,0.2178044773624281,7.095994899645271,0.915286890460043,100.0
0,20,10,noisy,DWT,classical,0.85,0.8515625,218.0,0.018396918573234236,29.364110457830698,0.9994210516077351,0.2181909834527205,7.080594968105308,0.9148666566748728,85.0
0,20,10,noisy,DWT,classical,0.75,0.75,192.0,0.04003858159268208,22.609438505137156,0.9972545966033057,0.21965642522173764,7.022452735202998,0.9132692071126521,75.0
0,20,10,noisy,DWT,classical,0.5,0.5,128.0,0.11732771535612023,13.270999899711073,0.9761726192683186,0.23010505821287072,6.618807653606966,0.9005929355287342,50.0
0,20,10,noisy,DWT,classical,0.45,0.453125,116.0,0.13568008973405865,12.008689737494711,0.9680031826513552,0.23340595967998803,6.495092145432375,0.8962293260177076,45.0
0,20,10,noisy,DWT,classical,0.25,0.25,64.0,0.23851066693391923,7.1088560442628355,0.8974481000645605,0.2676439759206955,5.306181507695604,0.8504147622468916,25.0
0,20,10,noisy,DWT,classical,0.1,0.1015625,26.0,0.3583997439472988,3.5716583659771075,0.748750072520666,0.3382305119911615,3.2730753036979383,0.7329010760289685,10.0
0,20,10,noisy,DWT,classical,0.05,0.05078125,13.0,0.4262227045719348,2.0662805694125623,0.6153057544265299,0.3934813569983077,1.9588477545454475,0.6063946984658753,5.0
0,20,10,noisy,DWT,classical,0.02,0.0234375,6.0,0.47872008433871893,1.0573792130850477,0.46486260391245554,0.4411323030469104,0.9659537384908328,0.4504880638166272,2.0
0,20,10,noisy,DWT,classical,0.01,0.01171875,3.0,0.5064417477010357,0.5684222034209343,0.350257617215923,0.4660640121638373,0.4884195734796997,0.330519178194922,1.0
0,20,10,noisy,QFT,quantum,1.0,1.0,256.0,2.6135761425185113e-12,226.3143090379043,0.9999999999999998,0.21780447736242248,7.095994899645496,0.9152868904600417,100.0
0,20,10,noisy,QFT,quantum,0.85,0.8533343003978779,218.45358090185675,0.025814481363064246,26.42174409847465,0.9988596896708313,0.21655681516213945,7.145893848600671,0.9160990084006618,85.0
0,20,10,noisy,QFT,quantum,0.75,0.7518339688328912,192.46949602122015,0.04422593191354907,21.745472320665087,0.9966492426521208,0.21409470861694468,7.245212288478331,0.9176994474491051,75.0
0,20,10,noisy,QFT,quantum,0.5,0.5013780669761273,128.3527851458886,0.09385614806026972,15.20975765207842,0.9848192263767019,0.20104643716761456,7.7914033402758776,0.9259839392314044,50.0
0,20,10,noisy,QFT,quantum,0.45,0.4543994529177719,116.3262599469496,0.10409840410477204,14.310130749314071,0.981291749432981,0.1971059056205673,7.9633382307666825,0.9284357411684839,45.0
0,20,10,noisy,QFT,quantum,0.25,0.25060096153846156,64.15384615384616,0.15464157122941863,10.87248710680453,0.9582285670204919,0.1713459684215421,9.179853155465029,0.9437613433697846,25.0
0,20,10,noisy,QFT,quantum,0.1,0.10175936671087533,26.050397877984086,0.20413846936554628,8.460515098329616,0.9259917358195573,0.13824254981569473,11.044496252818629,0.9614061306547885,10.0
0,20,10,noisy,QFT,quantum,0.05,0.05460460875331565,13.978779840848807,0.22892787169049447,7.465038765901916,0.9059468081347122,0.1335866858480135,11.342067452484441,0.9630725473313794,5.0
0,20,10,noisy,QFT,quantum,0.02,0.023478945623342174,6.010610079575597,0.27209727356962493,5.964528377376499,0.8641502545545546,0.17924207356515462,8.788531775673803,0.9317080612298971,2.0
0,20,10,noisy,QFT,quantum,0.01,0.015583554376657824,3.989389920424403,0.29600145186324867,5.233135355421128,0.836841790776989,0.207785109136195,7.505042549157287,0.9069150496464973,1.0
0,20,10,noisy,QDCT,quantum,1.0,1.0,256.0,3.1735457998924192e-12,224.6281167736014,1.0,0.2178044773624169,7.095994899645719,0.915286890460044,100.0
0,20,10,noisy,QDCT,quantum,0.85,0.8515625,218.0,0.010073114956078771,34.5957363758791,0.9998264455714897,0.21760083214082385,7.104119927110711,0.9154218267705653,85.0
0,20,10,noisy,QDCT,quantum,0.75,0.75,192.0,0.021819504768746893,27.882114394238954,0.9991854182819273,0.21684901211515184,7.134182003898816,0.9159191891702819,75.0
0,20,10,noisy,QDCT,quantum,0.5,0.5,128.0,0.0631234761054323,18.655194045517497,0.9931619082695653,0.20991897318364905,7.41629709686427,0.920434018041003,50.0
0,20,10,noisy,QDCT,quantum,0.45,0.453125,116.0,0.0729703892028583,17.396078927103535,0.990851428366123,0.2071880984126217,7.530034875124527,0.9221992915719999,45.0
0,20,10,noisy,QDCT,quantum,0.25,0.25,64.0,0.12527920398241688,12.701432475533394,0.9727868780846382,0.1855434513094368,8.488418350245935,0.9357170333741008,25.0
0,20,10,noisy,QDCT,quantum,0.1,0.1015625,26.0,0.18103173044083798,9.503918125161457,0.9422846426755591,0.14829717041188903,10.434673673145682,0.9567635118600154,10.0
0,20,10,noisy,QDCT,quantum,0.05,0.05078125,13.0,0.2099751081943747,8.215655906049209,0.921516995852889,0.12702111242283626,11.77981272644933,0.9672151117299013,5.0
0,20,10,noisy,QDCT,quantum,0.02,0.0234375,6.0,0.23759845704311966,7.142139859819412,0.898277887773558,0.13285742293440408,11.389614482374446,0.9632556377254116,2.0
0,20,10,noisy,QDCT,quantum,0.01,0.01171875,3.0,0.27283598526775893,5.940979173467075,0.8633527308753723,0.1771616284291957,8.88993769261215,0.9333052517981786,1.0
0,20,10,noisy,QDST,quantum,1.0,1.0,256.0,9.887287525789387e-12,214.75746890477953,1.0,0.2178044773624059,7.095994899646156,0.9152868904600576,100.0
0,20,10,noisy,QDST,quantum,0.85,0.8515625,218.0,0.010019292528729348,34.64227104650697,0.999828294914822,0.21760943590431328,7.103776500745854,0.9154150690930398,85.0
0,20,10,noisy,QDST,quantum,0.75,0.75,192.0,0.02184653115950531,27.871362409432994,0.9991833923379,0.21688130335175643,7.132888674343837,0.9158922940613529,75.0
0,20,10,noisy,QDST,quantum,0.5,0.5,128.0,0.06347196741928397,18.60737297623301,0.9930861119147869,0.21001664906984516,7.4122564680719485,0.9203439404409116,50.0
0,20,10,noisy,QDST,quantum,0.45,0.453125,116.0,0.0732825814703713,17.35899699040702,0.9907727036485064,0.2074600373729237,7.518641928033876,0.9219723911216852,45.0
0,20,10,noisy,QDST,quantum,0.25,0.25,64.0,0.12550100413086107,12.68606816805538,0.9726893193926752,0.18683751236186621,8.428049438677188,0.9347764162204983,25.0
0,20,10,noisy,QDST,quantum,0.1,0.1015625,26.0,0.1807542876744727,9.51724002043249,0.9424678401230454,0.14964854493956956,10.355880994519522,0.9559761108194192,10.0
0,20,10,noisy,QDST,quantum,0.05,0.05078125,13.0,0.20910276918823906,8.251816494268308,0.9221949763940653,0.12680582669672189,11.794546769357181,0.967358595464973,5.0
0,20,10,noisy,QDST,quantum,0.02,0.0234375,6.0,0.23735162292261264,7.151168068101057,0.8985000555691133,0.1326010296869592,11.406393033757992,0.9634032044623513,2.0
0,20,10,noisy,QDST,quantum,0.01,0.01171875,3.0,0.27260040831852306,5.948482140022403,0.8636096150901154,0.1754797728786812,8.972789691320827,0.9345971675609821,1.0
0,20,10,noisy,QDWT,quantum,1.0,1.0,256.0,2.9077443010533607e-12,225.38788791594777,1.0,0.2178044773624217,7.095994899645527,0.9152868904600419,100.0
0,20,10,noisy,QDWT,quantum,0.85,0.8515625,218.0,0.018396918573223956,29.364110457835558,0.9994210516077351,0.2181909834527005,7.080594968106105,0.9148666566748859,85.0
0,20,10,noisy,QDWT,quantum,0.75,0.75,192.0,0.04003858159268149,22.609438505137284,0.9972545966033063,0.21965642522173032,7.022452735203287,0.9132692071126577,75.0
0,20,10,noisy,QDWT,quantum,0.5,0.5,128.0,0.11732771535611969,13.270999899711114,0.9761726192683191,0.23010505821286237,6.6188076536072815,0.9005929355287351,50.0
0,20,10,noisy,QDWT,quantum,0.45,0.453125,116.0,0.13568008973405873,12.00868973749471,0.9680031826513544,0.23340595967997718,6.495092145432778,0.8962293260177083,45.0
0,20,10,noisy,QDWT,quantum,0.25,0.25,64.0,0.23851066693391898,7.1088560442628435,0.8974481000645603,0.26764397592069206,5.306181507695715,0.850414762246892,25.0
0,20,10,noisy,QDWT,quantum,0.1,0.1015625,26.0,0.35839974394727236,3.5716583659777488,0.7487500725207094,0.33823051199113224,3.2730753036986897,0.7329010760290089,10.0
0,20,10,noisy,QDWT,quantum,0.05,0.05078125,13.0,0.4262227045719305,2.0662805694126494,0.6153057544265407,0.393481356998299,1.9588477545456398,0.6063946984658943,5.0
0,20,10,noisy,QDWT,quantum,0.02,0.0234375,6.0,0.47872008433871777,1.057379213085069,0.4648626039124595,0.4411323030469081,0.9659537384908791,0.4504880638166337,2.0
0,20,10,noisy,QDWT,quantum,0.01,0.01171875,3.0,0.5064417477010356,0.5684222034209369,0.3502576172159239,0.46606401216383625,0.48841957347971954,0.33051917819492516,1.0
0,20,0,noisy,FFT,classical,1.0,1.0,256.0,1.994489087305607e-16,inf,0.9999999999999998,0.6906295414631053,-2.9275720604879214,0.5810774891855233,100.0
0,20,0,noisy,FFT,classical,0.85,0.8533135775862069,218.44827586206895,0.07723069263865683,20.818223586148086,0.99584999991694,0.6865750089562073,-2.8764288608449267,0.5830385793870544,85.0
0,20,0,noisy,FFT,classical,0.75,0.7517510775862069,192.44827586206895,0.13189398949235925,16.16952208465922,0.9878488050594201,0.6787238667783456,-2.77653145757008,0.5868879717405572,75.0
0,20,0,noisy,FFT,classical,0.5,0.5011501160477454,128.29442970822282,0.2791117308779585,9.658460382592423,0.9443613194007339,0.6353917938471124,-2.2035010674087276,0.6093928788423777,50.0
0,20,0,noisy,FFT,classical,0.45,0.4541818633952255,116.27055702917772,0.3092281546784839,8.768441606251995,0.9312429892918105,0.6222024521432769,-2.021303403272477,0.6165169023972916,45.0
0,20,0,noisy,FFT,classical,0.25,0.25048698607427056,64.12466843501326,0.454770036490815,5.418185331616875,0.8442859997433855,0.5327756094575011,-0.6735557271489188,0.6688189093110993,25.0
0,20,0,noisy,FFT,classical,0.1,0.1017282824933687,26.042440318302386,0.587889644672828,3.188105973786791,0.7211500588013229,0.3977291143907681,1.8655833003008477,0.7612529093892961,10.0
0,20,0,noisy,FFT,classical,0.05,0.05461497015915119,13.981432360742705,0.6421341542848077,2.421506780277235,0.6537611452987316,0.3193851492471123,3.7710365945198787,0.820471777663118,5.0
0,20,0,noisy,FFT,classical,0.02,0.023447861405835543,6.002652519893899,0.6892402016774369,1.806610165355018,0.5833654435840157,0.2534136773471306,5.780729941940887,0.8684385737777298,2.0
0,20,0,noisy,FFT,classical,0.01,0.015614638594164456,3.9973474801061006,0.7070050709653678,1.585571606770423,0.5530555328011002,0.24843563954808717,5.953053002710835,0.867837402342637,1.0
0,20,0,noisy,DCT,classical,1.0,1.0,256.0,3.247909305822738e-16,inf,1.0,0.6906295414631052,-2.927572060487919,0.5810774891855236,100.0
0,20,0,noisy,DCT,classical,0.85,0.8515625,218.0,0.030176544830471108,28.980631937855303,0.9993675204397453,0.6899928392832053,-2.919560709468105,0.5814070789378624,85.0
0,20,0,noisy,DCT,classical,0.75,0.75,192.0,0.06597676903799006,22.1862013060227,0.9969730178883555,0.6875743011597347,-2.8890617578120352,0.5826696789291473,75.0
0,20,0,noisy,DCT,classical,0.5,0.5,128.0,0.19121799700845576,12.943446888423944,0.9742818462982875,0.6649823941812879,-2.598871980879239,0.5941939678799736,50.0
0,20,0,noisy,DCT,classical,0.45,0.453125,116.0,0.22067493690580636,11.698961960360153,0.9655971304536657,0.6562569970055465,-2.4841479736967473,0.5987808929537026,45.0
0,20,0,noisy,DCT,classical,0.25,0.25,64.0,0.37536201314498846,7.085015789048555,0.8968504514309517,0.5864407623961826,-1.5071520295775211,0.6374035610572223,25.0
0,20,0,noisy,DCT,classical,0.1,0.1015625,26.0,0.5348714887683172,4.009033211721601,0.7763597508240112,0.45697142697895754,0.6595500475953163,0.7208001814394026,10.0
0,20,0,noisy,DCT,classical,0.05,0.05078125,13.0,0.6096399730236941,2.872553478274105,0.6956204570823356,0.36480485785920136,2.6161187059389284,0.787577858987474,5.0
0,20,0,noisy,DCT,classical,0.02,0.0234375,6.0,0.6625940234371916,2.149071897114932,0.6247648992085533,0.2836732302880611,4.800963880508037,0.8487000078826967,2.0
0,20,0,noisy,DCT,classical,0.01,0.01171875,3.0,0.6943422188292147,1.7425507235411686,0.5749006214643928,0.2409763728846043,6.217841699905813,0.8793404576777424,1.0
0,20,0,noisy,DST,classical,1.0,1.0,256.0,3.2520639341675165e-16,inf,1.0,0.6906295414631052,-2.927572060487919,0.5810774891855235,100.0
0,20,0,noisy,DST,classical,0.85,0.8515625,218.0,0.030343569403760165,28.93268884613822,0.9993605065508686,0.6899825789562585,-2.9194315476492276,0.5814153634876307,85.0
0,20,0,noisy,DST,classical,0.75,0.75,192.0,0.06571344038488618,22.22093808224762,0.9969971767296927,0.6876688923611451,-2.8902566137347545,0.5825388262370332,75.0
0,20,0,noisy,DST,classical,0.5,0.5,128.0,0.19059473434177196,12.971804222280571,0.9744514020746676,0.665262417392219,-2.602528827680683,0.5939138368876301,50.0
0,20,0,noisy,DST,classical,0.45,0.453125,116.0,0.21989965667135505,11.72953115615096,0.9658433412898324,0.6566004473923102,-2.4886925222863345,0.5984863437142051,45.0
0,20,0,noisy,DST,classical,0.25,0.25,64.0,0.37433659218740306,7.108776534396249,0.897445964624005,0.5867942885856433,-1.5123865979723015,0.6374520580709162,25.0
0,20,0,noisy,DST,classical,0.1,0.1015625,26.0,0.5337404824247804,4.027419305482287,0.7774322427450688,0.45805735392317903,0.6389337648781883,0.7201193290348019,10.0
0,20,0,noisy,DST,classical,0.05,0.05078125,13.0,0.6085212817143216,2.88850675530711,0.6969800195276946,0.36562239530859436,2.5966751734177262,0.7873560393795324,5.0
0,20,0,noisy,DST,classical,0.02,0.0234375,6.0,0.6613415728881703,2.165505703293005,0.6266096746750226,0.2814777180492453,4.868450533396663,0.8517356131831916,2.0
0,20,0,noisy,DST,classical,0.01,0.01171875,3.0,0.6934538949894278,1.7536703452380689,0.5763898845834252,0.23976307700816626,6.261684893798243,0.8808332678072552,1.0
0,20,0,noisy,DWT,classical,1.0,1.0,256.0,3.2723456571473777e-16,inf,1.0,0.6906295414631052,-2.9275720604879183,0.5810774891855235,100.0
0,20,0,noisy,DWT,classical,0.85,0.8515625,218.0,0.03481834334818803,27.73786011005791,0.9991579050842418,0.6901223085544307,-2.921190364510214,0.5809546462350627,85.0
0,20,0,noisy,DWT,classical,0.75,0.75,192.0,0.07513188191694928,21.057536836872487,0.9960729232483981,0.6885014694171763,-2.9007664655772807,0.580116759249573,75.0
0,20,0,noisy,DWT,classical,0.5,0.5,128.0,0.21822201641763356,11.796050893527932,0.9663700755835408,0.6725664866193661,-2.697373496373027,0.5728573982301529,50.0
0,20,0,noisy,DWT,classical,0.45,0.453125,116.0,0.25214202069524494,10.541117602169018,0.954837697291097,0.6667262287489764,-2.621619844786771,0.569596920418592,45.0
0,20,0,noisy,DWT,classical,0.25,0.25,64.0,0.4323463742078374,5.8573857581788955,0.860480051179464,0.621634393962135,-2.0133697405451074,0.5414263222962005,25.0
0,20,0,noisy,DWT,classical,0.1,0.1015625,26.0,0.6201626677263781,2.7239097976435445,0.6825859903218626,0.5566354659521091,-1.0540865139089453,0.4705261112705883,10.0
0,20,0,noisy,DWT,classical,0.05,0.05078125,13.0,0.7094217272202901,1.5559324755165291,0.548738028181291,0.5269380923083057,-0.5778609324038839,0.3969079507206503,5.0
0,20,0,noisy,DWT,classical,0.02,0.0234375,6.0,0.7710997915595986,0.8318104675596665,0.4174981210738974,0.5092561582787096,-0.2813948259357874,0.31272823902926217,2.0
0,20,0,noisy,DWT,classical,0.01,0.01171875,3.0,0.8039749851896018,0.4691714549950504,0.3200039980076926,0.5010591055144488,-0.1404482114722483,0.24555695993777307,1.0
0,20,0,noisy,QFT,quantum,1.0,1.0,256.0,1.0451179523846312e-07,138.1907160252608,0.9999999999999903,0.690629541385508,-2.927572059511998,0.5810774893131051,100.0
0,20,0,noisy,QFT,quantum,0.85,0.8533135775862069,218.44827586206895,0.07723069263872119,20.81822358614085,0.9958499999170252,0.686575008887296,-2.876428859973127,0.5830385795265324,85.0
0,20,0,noisy,QFT,quantum,0.75,0.7517510775862069,192.44827586206895,0.13189398949239423,16.16952208465692,0.9878488050599665,0.6787238667369975,-2.7765314570409316,0.5868879718589062,75.0
0,20,0,noisy,QFT,quantum,0.5,0.5011501160477454,128.29442970822282,0.2791117308779716,9.658460382592015,0.9443613194007267,0.6353917938324194,-2.203501067207872,0.6093928789132665,50.0
0,20,0,noisy,QFT,quantum,0.45,0.4541818633952255,116.27055702917772,0.309228154678495,8.768441606251683,0.9312429892918059,0.6222024519843136,-2.0213034010533644,0.6165169026631838,45.0
0,20,0,noisy,QFT,quantum,0.25,0.25048698607427056,64.12466843501326,0.4547700364908211,5.418185331616758,0.8442859997433662,0.5327756093659942,-0.6735557256570724,0.6688189096250388,25.0
0,20,0,noisy,QFT,quantum,0.1,0.1017282824933687,26.042440318302386,0.5878896446728319,3.1881059737867328,0.7211500588013012,0.3977291142152563,1.8655833041337972,0.761252909750159,10.0
0,20,0,noisy,QFT,quantum,0.05,0.05461497015915119,13.981432360742705,0.6421341542848076,2.421506780277237,0.653761145298704,0.3193851489810842,3.771036601754687,0.8204717781147365,5.0
0,20,0,noisy,QFT,quantum,0.02,0.023447861405835543,6.002652519893899,0.6892402016773976,1.8066101653555136,0.5833654435840204,0.253413677013649,5.780729953371148,0.8684385743081283,2.0
0,20,0,noisy,QFT,quantum,0.01,0.015614638594164456,3.9973474801061006,0.7070050709653685,1.5855716067704146,0.5530555328009952,0.24843563941544025,5.953053007348482,0.8678374027277789,1.0
0,20,0,noisy,QDCT,quantum,1.0,1.0,256.0,1.0451179506593724e-07,138.1907160395993,0.9999999999999917,0.6906295413855117,-2.927572059512044,0.5810774893130978,100.0
0,20,0,noisy,QDCT,quantum,0.85,0.8515625,218.0,0.030176544830673148,28.98063193779715,0.9993675204397302,0.6899928392809688,-2.91956070943995,0.5814070789430796,85.0
0,20,0,noisy,QDCT,quantum,0.75,0.75,192.0,0.06597676903805018,22.186201306014787,0.9969730178883703,0.6875743011524471,-2.8890617577199738,0.5826696789275643,75.0
0,20,0,noisy,QDCT,quantum,0.5,0.5,128.0,0.19121799700847014,12.943446888423292,0.9742818462986332,0.6649823939433774,-2.59887197777169,0.5941939681891711,50.0
0,20,0,noisy,QDCT,quantum,0.45,0.453125,116.0,0.2206749369058174,11.698961960359718,0.9655971304542299,0.656256996783807,-2.4841479707619136,0.598780893218908,45.0
0,20,0,noisy,QDCT,quantum,0.25,0.25,64.0,0.3753620131449917,7.085015789048481,0.8968504514309543,0.5864407621637586,-1.5071520261350437,0.6374035613591899,25.0
0,20,0,noisy,QDCT,quantum,0.1,0.1015625,26.0,0.5348714887677125,4.009033211731421,0.7763597508245832,0.45697142680810254,0.6595500508428447,0.720800181730447,10.0
0,20,0,noisy,QDCT,quantum,0.05,0.05078125,13.0,0.609639973024372,2.872553478264446,0.6956204570815244,0.36480485750187447,2.616118714446771,0.7875778593534357,5.0
0,20,0,noisy,QDCT,quantum,0.02,0.0234375,6.0,0.6625940234371944,2.1490718971148945,0.6247648992085612,0.2836732296629059,4.8009638996498785,0.8487000084789691,2.0
0,20,0,noisy,QDCT,quantum,0.01,0.01171875,3.0,0.6943422188292157,1.742550723541156,0.5749006214643887,0.2409763728133065,6.21784170247571,0.8793404579117645,1.0
0,20,0,noisy,QDST,quantum,1.0,1.0,256.0,1.0451179359257993e-07,138.1907161620488,0.9999999999999909,0.690629541385535,-2.9275720595123373,0.5810774893130679,100.0
0,20,0,noisy,QDST,quantum,0.85,0.8515625,218.0,0.030343569403904862,28.932688846096802,0.9993605065509056,0.6899825788631139,-2.919431546476672,0.5814153636153676,85.0
0,20,0,noisy,QDST,quantum,0.75,0.75,192.0,0.06571344038496196,22.220938082237602,0.9969971767296899,0.6876688922663425,-2.89025661253731,0.5825388263580992,75.0
0,20,0,noisy,QDST,quantum,0.5,0.5,128.0,0.1905947343417733,12.971804222280511,0.9744514020746324,0.6652624173624334,-2.602528827291791,0.5939138371694083,50.0
0,20,0,noisy,QDST,quantum,0.45,0.453125,116.0,0.2249199064380681,11.533464298523707,0.9642381153598604,0.6577012611713435,-2.503242528834001,0.5966960524346431,45.0
0,20,0,noisy,QDST,quantum,0.25,0.25,64.0,0.374336592187419,7.108776534395879,0.8974459646239237,0.5867942884108696,-1.5123865953852522,0.6374520587203554,25.0
0,20,0,noisy,QDST,quantum,0.1,0.1015625,26.0,0.5337404824247792,4.027419305482307,0.7774322427450041,0.45805735370485107,0.6389337690182216,0.7201193297014693,10.0
0,20,0,noisy,QDST,quantum,0.05,0.05078125,13.0,0.6089367436991704,2.8825785721353547,0.6964761052879773,0.3656210256092701,2.5967077126702587,0.7873577543348838,5.0
0,20,0,noisy,QDST,quantum,0.02,0.0234375,6.0,0.661341572888285,2.165505703291499,0.6266096746747899,0.2814777181988515,4.868450528780088,0.8517356133435539,2.0
0,20,0,noisy,QDST,quantum,0.01,0.01171875,3.0,0.6934538949894279,1.753670345238067,0.5763898845833931,0.23976307693746263,6.26168489635962,0.8808332680365123,1.0
0,20,0,noisy,QDWT,quantum,1.0,1.0,256.0,1.0451179608268756e-07,138.190715955098,0.9999999999999903,0.6906295413855392,-2.92757205951239,0.5810774893131131,100.0
0,20,0,noisy,QDWT,quantum,0.85,0.8515625,218.0,0.03481834334833665,27.737860110020836,0.9991579050842939,0.6901223084878284,-2.921190363671957,0.5809546463428377,85.0
0,20,0,noisy,QDWT,quantum,0.75,0.75,192.0,0.0751318819170143,21.057536836864973,0.996072923248469,0.6885014693705139,-2.9007664649886062,0.5801167593291763,75.0
0,20,0,noisy,QDWT,quantum,0.5,0.5,128.0,0.2182220164176577,11.79605089352697,0.966370075583533,0.6725664866023836,-2.6973734961537046,0.5728573982279143,50.0
0,20,0,noisy,QDWT,quantum,0.45,0.453125,116.0,0.25214202069526476,10.541117602168338,0.9548376972910895,0.6667262286552922,-2.621619843566285,0.5695969205205762,45.0
0,20,0,noisy,QDWT,quantum,0.25,0.25,64.0,0.4323463742078452,5.857385758178739,0.8604800511794586,0.6216343937881139,-2.0133697381135685,0.5414263227951321,25.0
0,20,0,noisy,QDWT,quantum,0.1,0.1015625,26.0,0.6201626677267719,2.72390979763803,0.6825859903213616,0.5566354661594078,-1.0540865171436913,0.4705261116175587,10.0
0,20,0,noisy,QDWT,quantum,0.05,0.05078125,13.0,0.7099719442382048,1.5491984388217452,0.5477498369809226,0.5269380924940311,-0.577860935465326,0.3969079512258543,5.0
0,20,0,noisy,QDWT,quantum,0.02,0.0234375,6.0,0.7710997915595996,0.8318104675596562,0.4174981210738925,0.5092561580530383,-0.28139482208672995,0.3127282392023787,2.0
0,20,0,noisy,QDWT,quantum,0.01,0.01171875,3.0,0.8039749851896025,0.46917145499504265,0.3200039980076884,0.5010591055500844,-0.14044821208999272,0.2455569599388729,1.0
0,20,-10,noisy,FFT,classical,1.0,1.0,256.0,5.106386514287642e-16,inf,1.0,2.1795393862332038,-12.909963466369291,0.22050790052036842,100.0
0,20,-10,noisy,FFT,classical,0.85,0.8534068302387268,218.47214854111405,0.2397700959541064,19.38786890781062,0.9942269730272145,2.166512157097581,-12.857891643324384,0.2213710520834127,85.0
0,20,-10,noisy,FFT,classical,0.75,0.7518443302387268,192.47214854111405,0.4091237514045821,14.746675391281885,0.9830967152724837,2.141260034082193,-12.75605725825824,0.22333283192708578,75.0
0,20,-10,noisy,FFT,classical,0.5,0.5014091511936339,128.3607427055703,0.8637160980334583,8.256348967367563,0.9222767117881407,2.004436177971411,-12.182513690078832,0.2323085513758255,50.0
0,20,-10,noisy,FFT,classical,0.45,0.4544512599469496,116.3395225464191,0.9567516720925425,7.367784651305285,0.9037004910874549,1.962485893092843,-11.998799907977562,0.2355659721062641,45.0
0,20,-10,noisy,FFT,classical,0.25,0.2506424071618037,64.16445623342175,1.402907488432622,4.043188581308745,0.778349996901532,1.679846830728058,-10.648062722926262,0.25974554788051374,25.0
0,20,-10,noisy,FFT,classical,0.1,0.1018008123342175,26.06100795755968,1.803995405864476,1.8590607051047379,0.5901092186647118,1.2569316248689908,-8.128902103699213,0.30873889138077404,10.0
0,20,-10,noisy,FFT,classical,0.05,0.054594247347480106,13.976127320954907,1.9628899553358665,1.1258501970600636,0.4778712662510594,1.0065647234534176,-6.1995031527866455,0.35095068663968526,5.0
0,20,-10,noisy,FFT,classical,0.02,0.02346858421750663,6.007957559681698,2.0899622753806164,0.5810003093736659,0.3538619148346422,0.739813715743367,-3.5251166087977834,0.4113224236174015,2.0
0,20,-10,noisy,FFT,classical,0.01,0.015593915782493369,3.9920424403183024,2.1283132629752415,0.423058220818922,0.304661648342926,0.6416242054919965,-2.2882838259065745,0.43897008209756877,1.0
0,20,-10,noisy,DCT,classical,1.0,1.0,256.0,8.103897584171014e-16,inf,1.0,2.1795393862332033,-12.90996346636929,0.22050790052036834,100.0
0,20,-10,noisy,DCT,classical,0.85,0.8515625,218.0,0.09557786367610577,27.376622867560805,0.9990848124831279,2.177452589898213,-12.90164319213049,0.22068876063634682,85.0
0,20,-10,noisy,DCT,classical,0.75,0.75,192.0,0.20619182542598044,20.698340379869144,0.9957336367319589,2.169913835500586,-12.871518814318943,0.22114580756632807,75.0
0,20,-10,noisy,DCT,classical,0.5,0.5,128.0,0.5969228288656103,11.465405479859317,0.9636600581078892,2.0972362221821452,-12.575616035560252,0.2266559611902578,50.0
0,20,-10,noisy,DCT,classical,0.45,0.453125,116.0,0.687971071361314,10.232365711766896,0.9514252835228567,2.069668209860758,-12.460683614990003,0.2285423493972722,45.0
0,20,-10,noisy,DCT,classical,0.25,0.25,64.0,1.1639391858808703,5.6651634562653115,0.8536257034743703,1.8489445968760945,-11.481146992807362,0.24584774930920633,25.0
0,20,-10,noisy,DCT,classical,0.1,0.1015625,26.0,1.6474053918638307,2.6477595879547473,0.6756217158150055,1.447965597233392,-9.357833904365293,0.2855862919425489,10.0
0,20,-10,noisy,DCT,classical,0.05,0.05078125,13.0,1.8718999596723715,1.538116550684451,0.5461133174152697,1.155186311268902,-7.39570971508761,0.330309540027269,5.0
0,20,-10,noisy,DCT,classical,0.02,0.0234375,6.0,2.0245689271429286,0.8571179081637449,0.42320157536483793,0.8813438535890888,-5.045576638608238,0.3863491474511955,2.0
0,20,-10,noisy,DCT,classical,0.01,0.01171875,3.0,2.106279342140931,0.5134498828963966,0.3339208729024163,0.6887938070617344,-2.904453710569957,0.44205382610388044,1.0
0,20,-10,noisy,DST,classical,1.0,1.0,256.0,8.106131420699139e-16,inf,1.0,2.1795393862332033,-12.90996346636929,0.22050790052036848,100.0
0,20,-10,noisy,DST,classical,0.85,0.8515625,218.0,0.09444006706417611,27.48064351317934,0.9991064878400389,2.177516501663675,-12.901898133338909,0.22065592257084943,85.0
0,20,-10,noisy,DST,classical,0.75,0.75,192.0,0.20349571189847607,20.812664006991266,0.9958446236391827,2.170170115405141,-12.872544609669998,0.22112182335928765,75.0
0,20,-10,noisy,DST,classical,0.5,0.5,128.0,0.5884780378361881,11.589164059551525,0.9646987172872902,2.1001492118463982,-12.587672069584439,0.22544434827047793,50.0
0,20,-10,noisy,DST,classical,0.45,0.453125,116.0,0.6791507810670017,10.344445159473493,0.9526933174349096,2.073077615855197,-12.474980283011979,0.22732574878641035,45.0
0,20,-10,noisy,DST,classical,0.25,0.25,64.0,1.1582172862562952,5.7079684005834785,0.855182730570658,1.8543086234461064,-11.506309396032036,0.24191201356988543,25.0
0,20,-10,noisy,DST,classical,0.1,0.1015625,26.0,1.6465492890318512,2.6522745346405454,0.676039803408993,1.4502350628032672,-9.371437055988455,0.28259312709907974,10.0
0,20,-10,noisy,DST,classical,0.05,0.05078125,13.0,1.8714495466013035,1.5402067847057002,0.5464173497097871,1.1587737813620531,-7.422642240306242,0.32420610986091686,5.0
0,20,-10,noisy,DST,classical,0.02,0.0234375,6.0,2.0243310859131762,0.8581383644203693,0.42343702586438087,0.8821859823238769,-5.0538720897635745,0.38536047610072854,2.0
0,20,-10,noisy,DST,classical,0.01,0.01171875,3.0,2.1056381036144125,0.5160946294697931,0.3347253286770406,0.6884320625706332,-2.8998908093517555,0.4451479168697907,1.0
0,20,-10,noisy,DWT,classical,1.0,1.0,256.0,8.152837074250427e-16,inf,1.0,2.179539386233203,-12.909963466369287,0.22050790052036837,100.0
0,20,-10,noisy,DWT,classical,0.85,0.8515625,218.0,0.09699293519156262,27.248967207155705,0.9990575001389458,2.1776211663949265,-12.902315620166702,0.22023912799618722,85.0
0,20,-10,noisy,DWT,classical,0.75,0.75,192.0,0.20900607935783522,20.580590877091154,0.9956160399221463,2.1704429580955744,-12.873636566709543,0.21960324987842575,75.0
0,20,-10,noisy,DWT,classical,0.5,0.5,128.0,0.6023896783206459,11.386218813105488,0.9629783956466819,2.102102746900186,-12.59574783051939,0.21422481000897262,50.0
0,20,-10,noisy,DWT,classical,0.45,0.453125,116.0,0.6950047407663179,10.144013909181158,0.950400964137078,2.076110787199461,-12.48767953582166,0.21154029620220266,45.0
0,20,-10,noisy,DWT,classical,0.25,0.25,64.0,1.1822562862385235,5.529536611292366,0.8485693269699279,1.86542327257361,-11.558216848344028,0.1918575692287179,25.0
0,20,-10,noisy,DWT,classical,0.1,0.1015625,26.0,1.6725353033869206,2.5162633794206752,0.6631419273332305,1.4896736489061568,-9.604491746539345,0.15039329593840678,10.0
0,20,-10,noisy,DWT,classical,0.05,0.05078125,13.0,1.8983055947915126,1.416446695048577,0.5275402377935309,1.221313389698574,-7.879211405093986,0.1213707806142243,5.0
0,20,-10,noisy,DWT,classical,0.02,0.0234375,6.0,2.0495479869509206,0.7506074274644274,0.39840046956146646,0.9773216876037266,-5.943419760915103,0.0916396795915839,2.0
0,20,-10,noisy,DWT,classical,0.01,0.01171875,3.0,2.128687060101475,0.42153284597869356,0.3041344469983967,0.8102064270709852,-4.314582715261667,0.07238142602271368,1.0
0,20,-10,noisy,QFT,quantum,1.0,1.0,256.0,2.879797296282835e-12,237.79653085671882,1.0,2.179539386233209,-12.909963466369312,0.22050790052037053,100.0
0,20,-10,noisy,QFT,quantum,0.85,0.8534068302387268,218.47214854111405,0.2397700959541062,19.387868907810628,0.9942269730272141,2.1665121570975847,-12.8578916433244,0.22137105208341412,85.0
0,20,-10,noisy,QFT,quantum,0.75,0.7518443302387268,192.47214854111405,0.4091237514045822,14.746675391281885,0.9830967152724838,2.1412600340821966,-12.756057258258252,0.22333283192708722,75.0
0,20,-10,noisy,QFT,quantum,0.5,0.5014091511936339,128.3607427055703,0.8637160980334584,8.256348967367561,0.9222767117881387,2.0044361779714133,-12.18251369007884,0.23230855137582765,50.0
0,20,-10,noisy,QFT,quantum,0.45,0.4544512599469496,116.3395225464191,0.9567516720925425,7.367784651305286,0.9037004910874548,1.9624858930928453,-11.99879990797757,0.23556597210626543,45.0
0,20,-10,noisy,QFT,quantum,0.25,0.2506424071618037,64.16445623342175,1.402907488432622,4.043188581308745,0.7783499969015315,1.6798468307280623,-10.648062722926282,0.259745547880514,25.0
0,20,-10,noisy,QFT,quantum,0.1,0.1018008123342175,26.06100795755968,1.8039954058644758,1.859060705104739,0.5901092186647122,1.2569316248689806,-8.128902103699144,0.3087388913807763,10.0
0,20,-10,noisy,QFT,quantum,0.05,0.054594247347480106,13.976127320954907,1.962889955335925,1.1258501970598056,0.47787126625101156,1.0065647234532624,-6.199503152785305,0.35095068663914625,5.0
0,20,-10,noisy,QFT,quantum,0.02,0.02346858421750663,6.007957559681698,2.0899622753806213,0.5810003093736448,0.3538619148346366,0.7398137157433277,-3.525116608797323,0.4113224236174284,2.0
0,20,-10,noisy,QFT,quantum,0.01,0.015593915782493369,3.9920424403183024,2.128313262975068,0.4230582208196306,0.3046616483431687,0.6416242063137838,-2.2882838370313956,0.4389700805260602,1.0
0,20,-10,noisy,QDCT,quantum,1.0,1.0,256.0,1.535429069334999e-10,203.2591740777916,0.9999999999999984,2.1795393862328947,-12.90996346636806,0.22050790052087738,100.0
0,20,-10,noisy,QDCT,quantum,0.85,0.8515625,218.0,0.09557786367611248,27.376622867560197,0.9990848124831269,2.177452589898183,-12.901643192130368,0.22068876063634968,85.0
0,20,-10,noisy,QDCT,quantum,0.75,0.75,192.0,0.20619182542590947,20.698340379872132,0.9957336367319611,2.16991383550079,-12.871518814319762,0.22114580756635727,75.0
0,20,-10,noisy,QDCT,quantum,0.5,0.5,128.0,0.5969228288656016,11.465405479859445,0.9636600581078907,2.0972362221821164,-12.575616035560131,0.2266559611902537,50.0
0,20,-10,noisy,QDCT,quantum,0.45,0.453125,116.0,0.6879710713613025,10.23236571176704,0.9514252835228582,2.069668209860766,-12.460683614990035,0.22854234939727366,45.0
0,20,-10,noisy,QDCT,quantum,0.25,0.25,64.0,1.1639391858807944,5.66516345626588,0.8536257034743909,1.8489445968760427,-11.481146992807119,0.24584774930921985,25.0
0,20,-10,noisy,QDCT,quantum,0.1,0.1015625,26.0,1.6474053918657814,2.6477595879444626,0.6756217158140524,1.4479655972338925,-9.357833904368295,0.2855862919399483,10.0
0,20,-10,noisy,QDCT,quantum,0.05,0.05078125,13.0,1.8718999596710981,1.5381165506903602,0.5461133174161436,1.1551863112700353,-7.395709715096132,0.33030954002699653,5.0
0,20,-10,noisy,QDCT,quantum,0.02,0.0234375,6.0,2.0245689271428304,0.8571179081641653,0.42320157536493,0.8813438535898727,-5.045576638615962,0.3863491474512097,2.0
0,20,-10,noisy,QDCT,quantum,0.01,0.01171875,3.0,2.10627934214093,0.5134498828964,0.333920872902417,0.6887938070616784,-2.9044537105692503,0.4420538261039164,1.0
0,20,-10,noisy,QDST,quantum,1.0,1.0,256.0,1.065192459744249e-11,226.43520757926206,0.9999999999999984,2.1795393862332477,-12.909963466369465,0.22050790052037203,100.0
0,20,-10,noisy,QDST,quantum,0.85,0.8515625,218.0,0.09444006706418091,27.480643513178897,0.9991064878400374,2.1775165016636975,-12.901898133338998,0.22065592257084107,85.0
0,20,-10,noisy,QDST,quantum,0.75,0.75,192.0,0.20349571189842042,20.812664006993643,0.995844623639185,2.1701701154051705,-12.872544609670113,0.22112182335927955,75.0
0,20,-10,noisy,QDST,quantum,0.5,0.5,128.0,0.5884780378361825,11.589164059551608,0.964698717287291,2.1001492118464204,-12.58767206958453,0.22544434827047524,50.0
0,20,-10,noisy,QDST,quantum,0.45,0.453125,116.0,0.6791507810669685,10.344445159473917,0.9526933174349147,2.073077615855224,-12.47498028301209,0.22732574878641265,45.0
0,20,-10,noisy,QDST,quantum,0.25,0.25,64.0,1.1582172862562978,5.707968400583459,0.8551827305706574,1.8543086234461073,-11.506309396032039,0.24191201356988365,25.0
0,20,-10,noisy,QDST,quantum,0.1,0.1015625,26.0,1.6471701447238327,2.6490000091722745,0.6757368335750396,1.4502350628029503,-9.371437055986556,0.282593122014049,10.0
0,20,-10,noisy,QDST,quantum,0.05,0.05078125,13.0,1.8714495466007979,1.540206784708046,0.546417349710134,1.1587737813621486,-7.422642240306958,0.3242061098608627,5.0
0,20,-10,noisy,QDST,quantum,0.02,0.0234375,6.0,2.0243310859124564,0.8581383644234581,0.42343702586507104,0.8821859823226362,-5.0538720897513585,0.3853604761012652,2.0
0,20,-10,noisy,QDST,quantum,0.01,0.01171875,3.0,2.1056381036144125,0.516094629469794,0.33472532867704097,0.6884320625706252,-2.899890809351654,0.4451479168697931,1.0
0,20,-10,noisy,QDWT,quantum,1.0,1.0,256.0,6.372611480905864e-11,210.89742041639258,1.0,2.1795393862328942,-12.909963466368058,0.22050790052043973,100.0
0,20,-10,noisy,QDWT,quantum,0.85,0.8515625,218.0,0.09699293519156107,27.248967207155843,0.9990575001389458,2.1776211663949256,-12.9023156201667,0.22023912799618672,85.0
0,20,-10,noisy,QDWT,quantum,0.75,0.75,192.0,0.20900607935785598,20.580590877090295,0.9956160399221454,2.1704429580956237,-12.873636566709742,0.21960324987844296,75.0
0,20,-10,noisy,QDWT,quantum,0.5,0.5,128.0,0.6023896783206452,11.386218813105502,0.9629783956466811,2.1021027469002127,-12.595747830519501,0.21422481000897403,50.0
0,20,-10,noisy,QDWT,quantum,0.45,0.453125,116.0,0.6950047407663182,10.144013909181155,0.9504009641370789,2.0761107871994753,-12.48767953582172,0.21154029620220813,45.0
0,20,-10,noisy,QDWT,quantum,0.25,0.25,64.0,1.1822562862385126,5.529536611292446,0.8485693269699298,1.8654232725736155,-11.558216848344054,0.19185756922871994,25.0
0,20,-10,noisy,QDWT,quantum,0.1,0.1015625,26.0,1.67253530338714,2.5162633794195366,0.6631419273331208,1.4896736489057836,-9.60449174653717,0.1503932959384491,10.0
0,20,-10,noisy,QDWT,quantum,0.05,0.05078125,13.0,1.8983055947923944,1.4164466950445433,0.5275402377928946,1.2213133896993513,-7.879211405099513,0.12137078061411423,5.0
0,20,-10,noisy,QDWT,quantum,0.02,0.0234375,6.0,2.0495479869509263,0.7506074274644023,0.39840046956146036,0.9773216876039703,-5.943419760917267,0.09163967959202929,2.0
0,20,-10,noisy,QDWT,quantum,0.01,0.01171875,3.0,2.1286870601014796,0.4215328459786743,0.304134446998391,0.8102064270708996,-4.31458271526075,0.07238142602272839,1.0
1,20,30,clean,FFT,classical,1.0,1.0,256.0,1.269506827009934e-16,inf,0.9999999999999999,1.269506827009934e-16,inf,0.9999999999999999,100.0
1,20,30,clean,FFT,classical,0.85,0.8548348001193318,218.83770883054893,0.010565623622136098,33.24447463215941,0.9997637108025353,0.010565623622136098,33.24447463215941,0.9997637108025353,85.0
1,20,30,clean,FFT,classical,0.75,0.7532723001193318,192.83770883054893,0.014042013135103396,30.77378984946465,0.9995821283181435,0.014042013135103396,30.77378984946465,0.9995821283181435,75.0
1,20,30,clean,FFT,classical,0.5,0.5032723001193318,128.83770883054893,0.022386665830095267,26.72258901800673,0.9989366125967684,0.022386665830095267,26.72258901800673,0.9989366125967684,50.0
1,20,30,clean,FFT,classical,0.45,0.4562574582338902,116.80190930787589,0.024347597845386895,25.993254952288865,0.9987422984590465,0.024347597845386895,25.993254952288865,0.9987422984590465,45.0
1,20,30,clean,FFT,classical,0.25,0.2514823239856802,64.37947494033413,0.04123831895794463,21.41635828118673,0.9963849036405268,0.04123831895794463,21.41635828118673,0.9963849036405268,25.0
1,20,30,clean,FFT,classical,0.1,0.1030448239856802,26.37947494033413,0.07510172093715085,16.209379570996752,0.9879592217311378,0.07510172093715085,16.209379570996752,0.9879592217311378,10.0
1,20,30,clean,FFT,classical,0.05,0.05320517601431981,13.620525059665871,0.10458174152707057,13.333259957187522,0.9765159129699393,0.10458174152707057,13.333259957187522,0.9765159129699393,5.0
1,20,30,clean,FFT,classical,0.02,0.02491982398568019,6.379474940334129,0.16861262953024694,9.184575322186495,0.93773439427861,0.16861262953024694,9.184575322186495,0.93773439427861,2.0
1,20,30,clean,FFT,classical,0.01,0.014142676014319809,3.620525059665871,0.20021151273125298,7.692596407771095,0.9109807253276845,0.20021151273125298,7.692596407771095,0.9109807253276845,1.0
1,20,30,clean,DCT,classical,1.0,1.0,256.0,2.0650526510856286e-16,inf,0.9999999999999999,2.0650526510856286e-16,inf,0.9999999999999999,100.0
1,20,30,clean,DCT,classical,0.85,0.8515625,218.0,0.0003320705211015945,63.29777087469231,0.9999997660123303,0.0003320705211015945,63.29777087469231,0.9999997660123303,85.0
1,20,30,clean,DCT,classical,0.75,0.75,192.0,0.000774035879175456,55.947155505059015,0.9999987286804324,0.000774035879175456,55.947155505059015,0.9999987286804324,75.0
1,20,30,clean,DCT,classical,0.5,0.5,128.0,0.0031821345069954323,43.6680066868187,0.999978513088182,0.0031821345069954323,43.6680066868187,0.999978513088182,50.0
1,20,30,clean,DCT,classical,0.45,0.453125,116.0,0.004086120085514088,41.49615483218181,0.9999645707291386,0.004086120085514088,41.49615483218181,0.9999645707291386,45.0
1,20,30,clean,DCT,classical,0.25,0.25,64.0,0.015689004775219468,29.810469444537734,0.9994776367520783,0.015689004775219468,29.810469444537734,0.9994776367520783,25.0
1,20,30,clean,DCT,classical,0.1,0.1015625,26.0,0.047535700700971184,20.18197934795146,0.995193632056955,0.047535700700971184,20.18197934795146,0.995193632056955,10.0
1,20,30,clean,DCT,classical,0.05,0.05078125,13.0,0.07364634953364355,16.379352852049966,0.98842407510557,0.07364634953364355,16.379352852049966,0.98842407510557,5.0
1,20,30,clean,DCT,classical,0.02,0.0234375,6.0,0.11387297857462242,12.593963735631032,0.9720954064513545,0.11387297857462242,12.593963735631032,0.9720954064513545,2.0
1,20,30,clean,DCT,classical,0.01,0.01171875,3.0,0.16803034734974975,9.214622845225023,0.9381778524906698,0.16803034734974975,9.214622845225023,0.9381778524906698,1.0
1,20,30,clean,DST,classical,1.0,1.0,256.0,1.9496163838282113e-16,inf,0.9999999999999999,1.9496163838282113e-16,inf,0.9999999999999999,100.0
1,20,30,clean,DST,classical,0.85,0.8515625,218.0,0.006493069505973315,37.47337631107233,0.9999105430710896,0.006493069505973315,37.47337631107233,0.9999105430710896,85.0
1,20,30,clean,DST,classical,0.75,0.75,192.0,0.009132725349740077,34.51036940394425,0.9998230055065573,0.009132725349740077,34.51036940394425,0.9998230055065573,75.0
1,20,30,clean,DST,classical,0.5,0.5,128.0,0.017060305079523663,29.08264148561235,0.9993822122447489,0.017060305079523663,29.08264148561235,0.9993822122447489,50.0
1,20,30,clean,DST,classical,0.45,0.453125,116.0,0.01952265168150666,27.911601232931048,0.9991909329327482,0.01952265168150666,27.911601232931048,0.9991909329327482,45.0
1,20,30,clean,DST,classical,0.25,0.25,64.0,0.03141368973241455,23.77999834892664,0.9979038344553961,0.03141368973241455,23.77999834892664,0.9979038344553961,25.0
1,20,30,clean,DST,classical,0.1,0.1015625,26.0,0.05070118421468415,19.62201528519462,0.9945303788393206,0.05070118421468415,19.62201528519462,0.9945303788393206,10.0
1,20,30,clean,DST,classical,0.05,0.05078125,13.0,0.07121490711231682,16.670959105112658,0.9891799614243723,0.07121490711231682,16.670959105112658,0.9891799614243723,5.0
1,20,30,clean,DST,classical,0.02,0.0234375,6.0,0.11201328224044928,12.736986883924082,0.9730121440150803,0.11201328224044928,12.736986883924082,0.9730121440150803,2.0
1,20,30,clean,DST,classical,0.01,0.01171875,3.0,0.16521790942114992,9.361234897717129,0.9402953816560811,0.16521790942114992,9.361234897717129,0.9402953816560811,1.0
1,20,30,clean,DWT,classical,1.0,1.0,256.0,2.2011829824368144e-16,inf,0.9999999999999999,2.2011829824368144e-16,inf,0.9999999999999999,100.0
1,20,30,clean,DWT,classical,0.85,0.8515625,218.0,0.01730556077360595,28.95866381150263,0.9993646576599251,0.01730556077360595,28.95866381150263,0.9993646576599251,85.0
1,20,30,clean,DWT,classical,0.75,0.75,192.0,0.03676763638760136,22.413063106596482,0.9971289273926608,0.03676763638760136,22.413063106596482,0.9971289273926608,75.0
1,20,30,clean,DWT,classical,0.5,0.5,128.0,0.09986057900338138,13.73449575201165,0.9786113407312608,0.09986057900338138,13.73449575201165,0.9786113407312608,50.0
1,20,30,clean,DWT,classical,0.45,0.453125,116.0,0.11266375520620162,12.686692895334568,0.9726932077605505,0.11266375520620162,12.686692895334568,0.9726932077605505,45.0
1,20,30,clean,DWT,classical,0.25,0.25,64.0,0.19725649057228692,7.821751303535921,0.9137128560388412,0.19725649057228692,7.821751303535921,0.9137128560388412,25.0
1,20,30,clean,DWT,classical,0.1,0.1015625,26.0,0.30815221093595807,3.9470715871163646,0.7726651548215949,0.30815221093595807,3.9470715871163646,0.7726651548215949,10.0
1,20,30,clean,DWT,classical,0.05,0.05078125,13.0,0.37516158800567745,2.238010038385937,0.6345794558920366,0.37516158800567745,2.238010038385937,0.6345794558920366,5.0
1,20,30,clean,DWT,classical,0.02,0.0234375,6.0,0.4262986947748944,1.1280972894918009,0.4782872696983438,0.4262986947748944,1.1280972894918009,0.4782872696983438,2.0
1,20,30,clean,DWT,classical,0.01,0.01171875,3.0,0.4550803882689091,0.5606149493668026,0.34799704251474245,0.4550803882689091,0.5606149493668026,0.34799704251474245,1.0
1,20,30,clean,QFT,quantum,1.0,1.0,256.0,2.5764144023400133e-13,245.50206298379422,0.9999999999999983,2.5764144023400133e-13,245.50206298379422,0.9999999999999983,100.0
1,20,30,clean,QFT,quantum,0.85,0.8548348001193318,218.83770883054893,0.01056562362213609,33.24447463215942,0.9997637108025335,0.01056562362213609,33.24447463215942,0.9997637108025335,85.0
1,20,30,clean,QFT,quantum,0.75,0.7532723001193318,192.83770883054893,0.014042013135103393,30.77378984946465,0.9995821283181427,0.014042013135103393,30.77378984946465,0.9995821283181427,75.0
1,20,30,clean,QFT,quantum,0.5,0.5032723001193318,128.83770883054893,0.02238666583009526,26.72258901800673,0.9989366125967689,0.02238666583009526,26.72258901800673,0.9989366125967689,50.0
1,20,30,clean,QFT,quantum,0.45,0.4562574582338902,116.80190930787589,0.02434759784538695,25.99325495228885,0.9987422984590458,0.02434759784538695,25.99325495228885,0.9987422984590458,45.0
1,20,30,clean,QFT,quantum,0.25,0.2514823239856802,64.37947494033413,0.041238318957944664,21.416358281186724,0.9963849036405279,0.041238318957944664,21.416358281186724,0.9963849036405279,25.0
1,20,30,clean,QFT,quantum,0.1,0.1030448239856802,26.37947494033413,0.07510172093714984,16.209379570996866,0.9879592217311386,0.07510172093714984,16.209379570996866,0.9879592217311386,10.0
1,20,30,clean,QFT,quantum,0.05,0.05320517601431981,13.620525059665871,0.10458174152706987,13.333259957187579,0.9765159129699406,0.10458174152706987,13.333259957187579,0.9765159129699406,5.0
1,20,30,clean,QFT,quantum,0.02,0.02491982398568019,6.379474940334129,0.1686126295302465,9.184575322186518,0.9377343942786114,0.1686126295302465,9.184575322186518,0.9377343942786114,2.0
1,20,30,clean,QFT,quantum,0.01,0.014142676014319809,3.620525059665871,0.20021151273125756,7.692596407770895,0.91098072532768,0.20021151273125756,7.692596407770895,0.91098072532768,1.0
1,20,30,clean,QDCT,quantum,1.0,1.0,256.0,5.408207100751366e-11,199.06131106766804,0.9999999999999991,5.408207100751366e-11,199.06131106766804,0.9999999999999991,100.0
1,20,30,clean,QDCT,quantum,0.85,0.8515625,218.0,0.00033207052110162036,63.297770874691636,0.9999997660123302,0.00033207052110162036,63.297770874691636,0.9999997660123302,85.0
1,20,30,clean,QDCT,quantum,0.75,0.75,192.0,0.0007740358791751829,55.94715550506208,0.9999987286804332,0.0007740358791751829,55.94715550506208,0.9999987286804332,75.0
1,20,30,clean,QDCT,quantum,0.5,0.5,128.0,0.00318213450699793,43.66800668681188,0.9999785130881816,0.00318213450699793,43.66800668681188,0.9999785130881816,50.0
1,20,30,clean,QDCT,quantum,0.45,0.453125,116.0,0.004086120085514313,41.49615483218134,0.9999645707291388,0.004086120085514313,41.49615483218134,0.9999645707291388,45.0
1,20,30,clean,QDCT,quantum,0.25,0.25,64.0,0.015689004775216796,29.810469444539216,0.9994776367520783,0.015689004775216796,29.810469444539216,0.9994776367520783,25.0
1,20,30,clean,QDCT,quantum,0.1,0.1015625,26.0,0.0475357007009719,20.181979347951327,0.9951936320569539,0.0475357007009719,20.181979347951327,0.9951936320569539,10.0
1,20,30,clean,QDCT,quantum,0.05,0.05078125,13.0,0.07364634953364273,16.379352852050065,0.9884240751055703,0.07364634953364273,16.379352852050065,0.9884240751055703,5.0
1,20,30,clean,QDCT,quantum,0.02,0.0234375,6.0,0.11387297857462388,12.593963735630922,0.9720954064513515,0.11387297857462388,12.593963735630922,0.9720954064513515,2.0
1,20,30,clean,QDCT,quantum,0.01,0.01171875,3.0,0.16803034734974856,9.214622845225083,0.9381778524906702,0.16803034734974856,9.214622845225083,0.9381778524906702,1.0
1,20,30,clean,QDST,quantum,1.0,1.0,256.0,7.513274969807161e-13,236.20579168073886,0.9999999999999994,7.513274969807161e-13,236.20579168073886,0.9999999999999994,100.0
1,20,30,clean,QDST,quantum,0.85,0.8515625,218.0,0.006493069505974241,37.47337631107109,0.9999105430710886,0.006493069505974241,37.47337631107109,0.9999105430710886,85.0
1,20,30,clean,QDST,quantum,0.75,0.75,192.0,0.0091327253497403,34.51036940394404,0.9998230055065566,0.0091327253497403,34.51036940394404,0.9998230055065566,75.0
1,20,30,clean,QDST,quantum,0.5,0.5,128.0,0.017060305079523424,29.08264148561247,0.9993822122447469,0.017060305079523424,29.08264148561247,0.9993822122447469,50.0
1,20,30,clean,QDST,quantum,0.45,0.453125,116.0,0.019522651681506388,27.911601232931172,0.9991909329327469,0.019522651681506388,27.911601232931172,0.9991909329327469,45.0
1,20,30,clean,QDST,quantum,0.25,0.25,64.0,0.03141368973241393,23.77999834892681,0.9979038344553954,0.03141368973241393,23.77999834892681,0.9979038344553954,25.0
1,20,30,clean,QDST,quantum,0.1,0.1015625,26.0,0.050701184214683455,19.622015285194742,0.9945303788393209,0.050701184214683455,19.622015285194742,0.9945303788393209,10.0
1,20,30,clean,QDST,quantum,0.05,0.05078125,13.0,0.07121490711229798,16.670959105114957,0.989179961424377,0.07121490711229798,16.670959105114957,0.989179961424377,5.0
1,20,30,clean,QDST,quantum,0.02,0.0234375,6.0,0.11201328224045642,12.736986883923528,0.973012144015075,0.11201328224045642,12.736986883923528,0.973012144015075,2.0
1,20,30,clean,QDST,quantum,0.01,0.01171875,3.0,0.1652179094211522,9.361234897717006,0.9402953816560781,0.1652179094211522,9.361234897717006,0.9402953816560781,1.0
1,20,30,clean,QDWT,quantum,1.0,1.0,256.0,3.327557181137134e-12,223.279866804775,0.9999999999999987,3.327557181137134e-12,223.279866804775,0.9999999999999987,100.0
1,20,30,clean,QDWT,quantum,0.85,0.8515625,218.0,0.017305560773606444,28.95866381150238,0.9993646576599241,0.017305560773606444,28.95866381150238,0.9993646576599241,85.0
1,20,30,clean,QDWT,quantum,0.75,0.75,192.0,0.03676763638760157,22.413063106596432,0.9971289273926601,0.03676763638760157,22.413063106596432,0.9971289273926601,75.0
1,20,30,clean,QDWT,quantum,0.5,0.5,128.0,0.09986057900338036,13.734495752011739,0.9786113407312614,0.09986057900338036,13.734495752011739,0.9786113407312614,50.0
1,20,30,clean,QDWT,quantum,0.45,0.453125,116.0,0.11266375520620249,12.686692895334502,0.972693207760551,0.11266375520620249,12.686692895334502,0.972693207760551,45.0
1,20,30,clean,QDWT,quantum,0.25,0.25,64.0,0.19725649057228692,7.821751303535921,0.9137128560388419,0.19725649057228692,7.821751303535921,0.9137128560388419,25.0
1,20,30,clean,QDWT,quantum,0.1,0.1015625,26.0,0.30815221093597595,3.9470715871158606,0.7726651548215635,0.30815221093597595,3.9470715871158606,0.7726651548215635,10.0
1,20,30,clean,QDWT,quantum,0.05,0.05078125,13.0,0.3751615880056789,2.2380100383859034,0.6345794558920334,0.3751615880056789,2.2380100383859034,0.6345794558920334,5.0
1,20,30,clean,QDWT,quantum,0.02,0.0234375,6.0,0.42629869477489374,1.1280972894918142,0.47828726969834634,0.42629869477489374,1.1280972894918142,0.47828726969834634,2.0
1,20,30,clean,QDWT,quantum,0.01,0.01171875,3.0,0.4550803882689087,0.560614949366811,0.3479970425147453,0.4550803882689087,0.560614949366811,0.3479970425147453,1.0
1,20,30,noisy,FFT,classical,1.0,1.0,256.0,1.220327243525441e-16,inf,1.0,0.021814862226200105,26.94732785826638,0.9989917485272028,100.0
1,20,30,noisy,FFT,classical,0.85,0.8537347106205251,218.55608591885442,0.008646689436352297,34.99405159485731,0.9998419700221849,0.023884480970133154,26.16006118560059,0.998790988196353,85.0
1,20,30,noisy,FFT,classical,0.75,0.7521722106205251,192.55608591885442,0.01319489265384074,31.322931580429078,0.9996317098669848,0.025536525985861036,25.579141046411635,0.9986175496857972,75.0
1,20,30,noisy,FFT,classical,0.5,0.5020044003579952,128.51312649164677,0.024535002279663518,25.935326754982594,0.9987252423320458,0.029779580362907274,24.244005875833775,0.9981182200809632,50.0
1,20,30,noisy,FFT,classical,0.45,0.4550548180190931,116.49403341288783,0.026941607164958158,25.122578820232917,0.9984624834095377,0.030806038140961025,23.949660372698432,0.9979857703479477,45.0
1,20,30,noisy,FFT,classical,0.25,0.2502890065632458,64.07398568019093,0.04423987213687429,20.814771546563282,0.9958467725497645,0.043749625689205034,20.90289051515193,0.9959306886957106,25.0
1,20,30,noisy,FFT,classical,0.1,0.10162775954653938,26.01670644391408,0.07753874429489407,15.940673537883647,0.987185762640234,0.07576893764776493,16.132553386902305,0.9877430777528239,10.0
1,20,30,noisy,FFT,classical,0.05,0.05465020883054893,13.990453460620525,0.10661598404108157,13.174602414284927,0.9756312582827084,0.10484630680611767,13.311314605964688,0.9763955237544948,5.0
1,20,30,noisy,FFT,classical,0.02,0.023446822792362768,6.002386634844869,0.16997541741654323,9.12332648107596,0.9368202759799498,0.16869983218025789,9.180084337138538,0.9376678334119568,2.0
1,20,30,noisy,FFT,classical,0.01,0.015615677207637232,3.9976133651551313,0.20129859739713304,7.654233831689112,0.9101519846338091,0.20026503883704352,7.690274564713868,0.9109307997260401,1.0
1,20,30,noisy,DCT,classical,1.0,1.0,256.0,2.0956210379404863e-16,inf,0.9999999999999999,0.0218148622262001,26.947327858266384,0.998991748527203,100.0
1,20,30,noisy,DCT,classical,0.85,0.8515625,218.0,0.0013646613743112579,51.03055082131082,0.9999960561958304,0.021791454553367503,26.956652951392876,0.9989939052806152,85.0
1,20,30,noisy,DCT,classical,0.75,0.75,192.0,0.002973808255072124,44.264789554567194,0.9999812718911005,0.02169648718226837,26.994588865712828,0.9990026266708609,75.0
1,20,30,noisy,DCT,classical,0.5,0.5,128.0,0.008966468949252288,34.678619831030566,0.9998297303021568,0.020878056359982806,27.328576035905844,0.9990761969044102,50.0
1,20,30,noisy,DCT,classical,0.45,0.453125,116.0,0.01051402563924924,33.295668173493695,0.9997658754059711,0.020594386206843264,27.447400292083618,0.9991010293872317,45.0
1,20,30,noisy,DCT,classical,0.25,0.25,64.0,0.02185631454596421,26.939510164136287,0.9989878792398381,0.02256362908421549,26.654198310478662,0.9989196787497762,25.0
1,20,30,noisy,DCT,classical,0.1,0.1015625,26.0,0.05080695545550537,19.61258538585231,0.9945184811535558,0.04909237142808215,19.902097120588813,0.9948730668242949,10.0
1,20,30,noisy,DCT,classical,0.05,0.05078125,13.0,0.07624019339877575,16.087369022207383,0.9876140288370271,0.0741705435415396,16.317748115362416,0.988257776817383,5.0
1,20,30,noisy,DCT,classical,0.02,0.0234375,6.0,0.11579029787483294,12.457605384952428,0.9711922146099697,0.11404345222757073,12.580970239667401,0.9720105994706575,2.0
1,20,30,noisy,DCT,classical,0.01,0.01171875,3.0,0.1692990312565871,9.157959347444693,0.9373388676492368,0.16809726899776944,9.211164194233513,0.9381269831675455,1.0
1,20,30,noisy,DST,classical,1.0,1.0,256.0,2.0635076928141985e-16,inf,1.0,0.0218148622262001,26.947327858266384,0.9989917485272031,100.0
1,20,30,noisy,DST,classical,0.85,0.8515625,218.0,0.0035593253636422924,42.70369502089142,0.9999731719170348,0.02238413276968163,26.72357188558609,0.998938343208754,85.0
1,20,30,noisy,DST,classical,0.75,0.75,192.0,0.0068981717065430765,36.956368799344304,0.9998992336568813,0.02330515575195859,26.373337153639866,0.9988489623419212,75.0
1,20,30,noisy,DST,classical,0.5,0.5,128.0,0.017469266790530794,28.885555259950813,0.9993535471998236,0.026921677746194438,25.120334919918292,0.998462674330856,50.0
1,20,30,noisy,DST,classical,0.45,0.453125,116.0,0.020061880047659807,27.683616220657296,0.9991473275373794,0.028267371584918464,24.696668790327635,0.9983047391810307,45.0
1,20,30,noisy,DST,classical,0.25,0.25,64.0,0.034086797983455173,23.07932467315986,0.9975364019594997,0.036056196262132474,22.582779167675806,0.9972384094259521,25.0
1,20,30,noisy,DST,classical,0.1,0.1015625,26.0,0.053820534756300116,19.112088637117242,0.993846891194907,0.05208921420276122,19.387421230595073,0.9942260997783616,10.0
1,20,30,noisy,DST,classical,0.05,0.05078125,13.0,0.07391360000577027,16.35656170108342,0.9883628199475594,0.07175348162170997,16.60551777335401,0.9890148083093078,5.0
1,20,30,noisy,DST,classical,0.02,0.0234375,6.0,0.11393918198482178,12.59758686522394,0.9721190327131226,0.11220327271408317,12.722266858620308,0.9729191961025712,2.0
1,20,30,noisy,DST,classical,0.01,0.01171875,3.0,0.16654121815613798,9.30061406925166,0.9394293311329694,0.16528975246809902,9.357458762644654,0.9402418226128046,1.0
1,20,30,noisy,DWT,classical,1.0,1.0,256.0,2.0619411935804686e-16,inf,1.0,0.021814862226200098,26.947327858266384,0.9989917485272031,100.0
1,20,30,noisy,DWT,classical,0.85,0.8515625,218.0,0.017284325119200753,28.9780002719387,0.999367566346964,0.02784209577421768,24.828338886963092,0.9983559702381721,85.0
1,20,30,noisy,DWT,classical,0.75,0.75,192.0,0.036652630905063065,22.44894573821542,0.9971514183175244,0.04267514750807687,21.118876729493316,0.996130907330898,75.0
1,20,30,noisy,DWT,classical,0.5,0.5,128.0,0.09960706026076953,13.765246352420393,0.9787638183247819,0.10229930874195466,13.524923366299257,0.9775439786524107,50.0
1,20,30,noisy,DWT,classical,0.45,0.453125,116.0,0.1123764620438284,12.717541707369502,0.9728892283846181,0.11458400793872307,12.539897168253374,0.9717430728189939,45.0
1,20,30,noisy,DWT,classical,0.25,0.25,64.0,0.1974991204544318,7.819745490905037,0.9136712443474104,0.19816044392601206,7.782038018335545,0.9128838276780563,25.0
1,20,30,noisy,DWT,classical,0.1,0.1015625,26.0,0.30854699520618545,3.944622380735402,0.772518118631658,0.30843870729658995,3.938999862815356,0.7721806287813967,10.0
1,20,30,noisy,DWT,classical,0.05,0.05078125,13.0,0.37559944407580215,2.2365499924503514,0.6344211929963026,0.3752698094458325,2.2355048140699822,0.6343082762735606,5.0
1,20,30,noisy,DWT,classical,0.02,0.0234375,6.0,0.4267189459459916,1.1282102967583467,0.47830826132056103,0.42634338021907425,1.1271868656496924,0.4781186707247867,2.0
1,20,30,noisy,DWT,classical,0.01,0.01171875,3.0,0.4552225708332655,0.5665730664048698,0.3497240103106841,0.4551021800741476,0.5601990301393094,0.3478829747501252,1.0
1,20,30,noisy,QFT,quantum,1.0,1.0,256.0,1.663230333731297e-12,229.31200086857675,0.9999999999999996,0.021814862226193846,26.947327858268878,0.9989917485272037,100.0
1,20,30,noisy,QFT,quantum,0.85,0.8537347106205251,218.55608591885442,0.008646689436352018,34.994051594857595,0.9998419700221852,0.023884480970130337,26.160061185601617,0.9987909881963544,85.0
1,20,30,noisy,QFT,quantum,0.75,0.7521722106205251,192.55608591885442,0.013194892653840494,31.322931580429238,0.9996317098669845,0.025536525985858406,25.579141046412527,0.998617549685797,75.0
1,20,30,noisy,QFT,quantum,0.5,0.5020044003579952,128.51312649164677,0.02453500227966334,25.935326754982654,0.9987252423320455,0.029779580362906028,24.244005875834137,0.9981182200809636,50.0
1,20,30,noisy,QFT,quantum,0.45,0.4550548180190931,116.49403341288783,0.02694160716495802,25.12257882023296,0.9984624834095374,0.030806038140958177,23.94966037269924,0.9979857703479469,45.0
1,20,30,noisy,QFT,quantum,0.25,0.2502890065632458,64.07398568019093,0.04423987213687431,20.81477154656328,0.9958467725497645,0.04374962568920327,20.90289051515228,0.9959306886957112,25.0
1,20,30,noisy,QFT,quantum,0.1,0.10162775954653938,26.01670644391408,0.0775387442948937,15.94067353788369,0.9871857626402345,0.07576893764776378,16.132553386902437,0.9877430777528228,10.0
1,20,30,noisy,QFT,quantum,0.05,0.05465020883054893,13.990453460620525,0.10661598404108097,13.174602414284974,0.975631258282708,0.1048463068061166,13.311314605964776,0.9763955237544949,5.0
1,20,30,noisy,QFT,quantum,0.02,0.023446822792362768,6.002386634844869,0.16997541741654199,9.123326481076024,0.9368202759799507,0.16869983218025675,9.180084337138597,0.9376678334119579,2.0
1,20,30,noisy,QFT,quantum,0.01,0.015615677207637232,3.9976133651551313,0.2012985973971385,7.654233831688876,0.910151984633804,0.20026503883704896,7.690274564713631,0.9109307997260362,1.0
1,20,30,noisy,QDCT,quantum,1.0,1.0,256.0,1.4134221431108645e-11,210.72561099188022,0.9999999999999996,0.02181486222619088,26.947327858270054,0.9989917485272046,100.0
1,20,30,noisy,QDCT,quantum,0.85,0.8515625,218.0,0.0013646613743123856,51.03055082130364,0.999996056195831,0.021791454553359582,26.956652951396034,0.998993905280618,85.0
1,20,30,noisy,QDCT,quantum,0.75,0.75,192.0,0.002973808255071814,44.2647895545681,0.999981271891101,0.02169648718226719,26.994588865713304,0.9990026266708606,75.0
1,20,30,noisy,QDCT,quantum,0.5,0.5,128.0,0.008966468949252411,34.678619831030446,0.9998297303021559,0.02087805635998356,27.328576035905527,0.9990761969044094,50.0
1,20,30,noisy,QDCT,quantum,0.45,0.453125,116.0,0.010514025639248902,33.29566817349398,0.9997658754059706,0.020594386206839926,27.447400292085025,0.9991010293872314,45.0
1,20,30,noisy,QDCT,quantum,0.25,0.25,64.0,0.021856314545964997,26.939510164135978,0.9989878792398384,0.022563629084195944,26.654198310486187,0.9989196787497778,25.0
1,20,30,noisy,QDCT,quantum,0.1,0.1015625,26.0,0.05080695545550934,19.61258538585163,0.9945184811535552,0.04909237142808442,19.902097120588415,0.9948730668242937,10.0
1,20,30,noisy,QDCT,quantum,0.05,0.05078125,13.0,0.07624019339876768,16.087369022208303,0.9876140288370301,0.07417054354154166,16.317748115362175,0.988257776817382,5.0
1,20,30,noisy,QDCT,quantum,0.02,0.0234375,6.0,0.11579029787483747,12.45760538495209,0.9711922146099666,0.11404345222757498,12.580970239667078,0.9720105994706553,2.0
1,20,30,noisy,QDCT,quantum,0.01,0.01171875,3.0,0.16929903125658607,9.157959347444747,0.9373388676492396,0.16809726899776833,9.211164194233572,0.9381269831675463,1.0
1,20,30,noisy,QDST,quantum,1.0,1.0,256.0,2.4160953888405843e-12,226.06876727868044,0.999999999999999,0.021814862226199612,26.947327858266583,0.998991748527203,100.0
1,20,30,noisy,QDST,quantum,0.85,0.8515625,218.0,0.0035593253636419598,42.70369502089224,0.9999731719170338,0.02238413276967764,26.723571885587635,0.9989383432087547,85.0
1,20,30,noisy,QDST,quantum,0.75,0.75,192.0,0.006898171706539153,36.95636879934924,0.9998992336568799,0.023305155751964107,26.37333715363781,0.9988489623419212,75.0
1,20,30,noisy,QDST,quantum,0.5,0.5,128.0,0.017469266790531176,28.88555525995063,0.9993535471998239,0.026921677746192307,25.12033491991898,0.9984626743308574,50.0
1,20,30,noisy,QDST,quantum,0.45,0.453125,116.0,0.02006188004765944,27.683616220657456,0.9991473275373803,0.028267371584914602,24.696668790328822,0.9983047391810316,45.0
1,20,30,noisy,QDST,quantum,0.25,0.25,64.0,0.03408679798345192,23.07932467316069,0.9975364019595014,0.036056196262124245,22.582779167677785,0.9972384094259532,25.0
1,20,30,noisy,QDST,quantum,0.1,0.1015625,26.0,0.05382053475629596,19.112088637117914,0.9938468911949078,0.05208921420275732,19.387421230595724,0.9942260997783622,10.0
1,20,30,noisy,QDST,quantum,0.05,0.05078125,13.0,0.07391360000577477,16.356561701082896,0.9883628199475571,0.07175348162170987,16.60551777335402,0.9890148083093084,5.0
1,20,30,noisy,QDST,quantum,0.02,0.0234375,6.0,0.11393918198483177,12.597586865223178,0.9721190327131198,0.11220327271409317,12.722266858619536,0.9729191961025653,2.0
1,20,30,noisy,QDST,quantum,0.01,0.01171875,3.0,0.16654121815614065,9.300614069251521,0.9394293311329682,0.1652897524681017,9.357458762644512,0.9402418226128022,1.0
1,20,30,noisy,QDWT,quantum,1.0,1.0,256.0,2.8370263468907876e-12,224.67378142797386,0.9999999999999996,0.021814862226195327,26.947327858268288,0.9989917485272036,100.0
1,20,30,noisy,QDWT,quantum,0.85,0.8515625,218.0,0.01728432511920057,28.978000271938793,0.999367566346963,0.027842095774214662,24.828338886964033,0.998355970238173,85.0
1,20,30,noisy,QDWT,quantum,0.75,0.75,192.0,0.03665263090506283,22.44894573821548,0.9971514183175234,0.04267514750807705,21.118876729493277,0.9961309073308979,75.0
1,20,30,noisy,QDWT,quantum,0.5,0.5,128.0,0.09960706026076918,13.765246352420423,0.9787638183247823,0.10229930874195373,13.524923366299335,0.9775439786524118,50.0
1,20,30,noisy,QDWT,quantum,0.45,0.453125,116.0,0.11237646204382845,12.717541707369497,0.9728892283846186,0.11458400793872235,12.539897168253429,0.9717430728189953,45.0
1,20,30,noisy,QDWT,quantum,0.25,0.25,64.0,0.19749912045442333,7.81974549090541,0.9136712443474173,0.19816044392600285,7.78203801833595,0.9128838276780655,25.0
1,20,30,noisy,QDWT,quantum,0.1,0.1015625,26.0,0.30854699520619566,3.9446223807351135,0.7725181186316413,0.3084387072965984,3.938999862815118,0.7721806287813825,10.0
1,20,30,noisy,QDWT,quantum,0.05,0.05078125,13.0,0.3755994440758092,2.236549992450189,0.6344211929962842,0.3752698094458403,2.2355048140698,0.6343082762735401,5.0
1,20,30,noisy,QDWT,quantum,0.02,0.0234375,6.0,0.42671894594598875,1.1282102967584047,0.4783082613205716,0.42634338021907114,1.1271868656497566,0.4781186707247976,2.0
1,20,30,noisy,QDWT,quantum,0.01,0.01171875,3.0,0.45522257083326506,0.5665730664048775,0.3497240103106868,0.45510218007414716,0.5601990301393178,0.347882974750127,1.0
1,20,10,noisy,FFT,classical,1.0,1.0,256.0,1.321025854732288e-16,inf,1.0,0.21806519600656155,6.950650225537441,0.9124468879383336,100.0
1,20,10,noisy,FFT,classical,0.85,0.8535482547732697,218.50835322195704,0.0255030100541418,26.4012105792416,0.9988542362093016,0.2168239783744679,7.000231172952431,0.913279248689015,85.0
1,20,10,noisy,FFT,classical,0.75,0.7520789826968973,192.53221957040572,0.04404810831553726,21.654494181596004,0.9965781217617721,0.21434663289604822,7.100044034257395,0.9149349748315768,75.0
1,20,10,noisy,FFT,classical,0.5,0.5014263872315036,128.3651551312649,0.09411561594645443,15.05980564436388,0.9842813429684055,0.20104186556152298,7.656647235851329,0.9236331049129624,50.0
1,20,10,noisy,FFT,classical,0.45,0.4543369630071599,116.31026252983294,0.10450050521233263,14.150671620092186,0.9805849635693967,0.1970085652550789,7.832675184289572,0.9262135049539271,45.0
1,20,10,noisy,FFT,classical,0.25,0.25055004474940334,64.14081145584726,0.15481129308786232,10.736986657972679,0.9568740441224881,0.17115145743203242,9.054765314279381,0.9420413239965012,25.0
1,20,10,noisy,FFT,classical,0.1,0.10169301909307876,26.033412887828163,0.20391902420878144,8.343884535760434,0.9238918617462061,0.13757762000458737,10.951421504518379,0.9605010397595389,10.0
1,20,10,noisy,FFT,classical,0.05,0.054640886038186155,13.988066825775656,0.2288042792319674,7.343756568907701,0.9031378254859685,0.1337942676499654,11.193627214439324,0.961724887677423,5.0
1,20,10,noisy,FFT,classical,0.02,0.023456145584725537,6.004773269689737,0.2703752579543839,5.893700485642199,0.8617351667540737,0.17782840285940377,8.722354789347593,0.9306090278868462,2.0
1,20,10,noisy,FFT,classical,0.01,0.015615677207637232,3.9976133651551313,0.2930462786737027,5.194315206486473,0.83523016104646,0.20518279150174978,7.47955866684627,0.9063359693310954,1.0
1,20,10,noisy,DCT,classical,1.0,1.0,256.0,2.1926787809350907e-16,inf,1.0,0.21806519600656152,6.950650225537442,0.9124468879383336,100.0
1,20,10,noisy,DCT,classical,0.85,0.8515625,218.0,0.010006221094310529,34.527637527703725,0.9998237031246897,0.21785742896343055,6.958929868025993,0.9125892741641923,85.0
1,20,10,noisy,DCT,classical,0.75,0.75,192.0,0.021861488715434245,27.739444760595276,0.9991582007328861,0.2170918574127751,6.9895066597322035,0.9131103600980061,75.0
1,20,10,noisy,DCT,classical,0.5,0.5,128.0,0.0635792103492399,18.466736827544317,0.9928575729108646,0.20997254432110066,7.279127132659379,0.9178841172240472,50.0
1,20,10,noisy,DCT,classical,0.45,0.453125,116.0,0.07342949947845534,17.215628063204505,0.9904614598950029,0.20720432073589304,7.39440120215631,0.9197245319566166,45.0
1,20,10,noisy,DCT,classical,0.25,0.25,64.0,0.12560357095828298,12.552999686705967,0.971827104337758,0.1854382309329631,8.358391838309538,0.9337036368721131,25.0
1,20,10,noisy,DCT,classical,0.1,0.1015625,26.0,0.1810132858578164,9.378830381199657,0.9405442739495472,0.14787438823525892,10.324518129573706,0.9555759245154462,10.0
1,20,10,noisy,DCT,classical,0.05,0.05078125,13.0,0.20970043714533643,8.101052705365388,0.9193235517477683,0.1269037028141248,11.652891464645592,0.9661827760593404,5.0
1,20,10,noisy,DCT,classical,0.02,0.0234375,6.0,0.23698602223241133,7.038584792083594,0.8956776574236125,0.1326764709905259,11.266499120903372,0.962154680674143,2.0
1,20,10,noisy,DCT,classical,0.01,0.01171875,3.0,0.2705707592597761,5.887422214677523,0.8615189674308016,0.17530142792268358,8.846668275028108,0.9326075107752029,1.0
1,20,10,noisy,DST,classical,1.0,1.0,256.0,2.1535958927652027e-16,inf,1.0,0.21806519600656152,6.950650225537442,0.9124468879383337,100.0
1,20,10,noisy,DST,classical,0.85,0.8515625,218.0,0.010034838366762566,34.502831789295996,0.9998226931206041,0.21787283994723203,6.958315459920243,0.912576096206621,85.0
1,20,10,noisy,DST,classical,0.75,0.75,192.0,0.021761799384746875,27.779143374315925,0.9991658709160657,0.21717082536144672,6.986347710451621,0.9130452842851451,75.0
1,20,10,noisy,DST,classical,0.5,0.5,128.0,0.06345380768495962,18.483885661334646,0.9928859446422637,0.21032739067241563,7.264460668443293,0.917598040022925,50.0
1,20,10,noisy,DST,classical,0.45,0.453125,116.0,0.07331821084331915,17.228802251557514,0.9904907052707546,0.2077225161392768,7.3727058572192465,0.9193088413257194,45.0
1,20,10,noisy,DST,classical,0.25,0.25,64.0,0.12586734452985615,12.534778025024483,0.9717069404460168,0.18651500947310737,8.308101615368553,0.9328899624367023,25.0
1,20,10,noisy,DST,classical,0.1,0.1015625,26.0,0.18111886460666946,9.373765681004055,0.9404728704070421,0.14925815932136902,10.243615717963948,0.9547245262290727,10.0
1,20,10,noisy,DST,classical,0.05,0.05078125,13.0,0.20908570076968397,8.126552766934267,0.9198167353413748,0.1264726672360734,11.682443794816738,0.9664353750219181,5.0
1,20,10,noisy,DST,classical,0.02,0.0234375,6.0,0.23610260315409243,7.071023912897495,0.8964991604570358,0.13078866062407424,11.390975502509107,0.9632462937271274,2.0
1,20,10,noisy,DST,classical,0.01,0.01171875,3.0,0.270016592433548,5.905230376724658,0.8621308625604711,0.1720718468858611,9.008180946131276,0.9351325633655246,1.0
1,20,10,noisy,DWT,classical,1.0,1.0,256.0,2.2371893957122117e-16,inf,1.0,0.2180651960065615,6.950650225537443,0.9124468879383337,100.0
1,20,10,noisy,DWT,classical,0.85,0.8515625,218.0,0.01821948699867328,29.322316531592794,0.9994153925113706,0.21842523236425082,6.9363212204800995,0.9120347542290058,85.0
1,20,10,noisy,DWT,classical,0.75,0.75,192.0,0.03960135386408957,22.578838750594254,0.9972351308724515,0.21976154512665996,6.8833433500568475,0.9104979724354225,75.0
1,20,10,noisy,DWT,classical,0.5,0.5,128.0,0.1157353632032412,13.263717843551808,0.9761321987368108,0.22962397954304647,6.502032562381777,0.8979879898247254,50.0
1,20,10,noisy,DWT,classical,0.45,0.453125,116.0,0.13388015720503818,11.998715148570014,0.9679284982968418,0.23310634284656565,6.371295530808851,0.8933365132951375,45.0
1,20,10,noisy,DWT,classical,0.25,0.25,64.0,0.2348870646135662,7.1158574104346295,0.8976224784357167,0.2663178046588059,5.214373305594392,0.8473843767714057,25.0
1,20,10,noisy,DWT,classical,0.1,0.1015625,26.0,0.3529781587492197,3.5780827543864597,0.7491831488884881,0.3346617351326552,3.230256179816654,0.7302093280517521,10.0
1,20,10,noisy,DWT,classical,0.05,0.05078125,13.0,0.42028798693560876,2.062099886020146,0.6148171385817583,0.3880258618764213,1.9451639036856718,0.6049226832694132,5.0
1,20,10,noisy,DWT,classical,0.02,0.0234375,6.0,0.4723363489968802,1.0480120550681185,0.4630381381502693,0.4353935689277846,0.9447371500584884,0.44646255973722065,2.0
1,20,10,noisy,DWT,classical,0.01,0.01171875,3.0,0.4994244175816254,0.5636439850674373,0.3488756130162627,0.4590958719255321,0.48430959400985807,0.3292600046649289,1.0
1,20,10,noisy,QFT,quantum,1.0,1.0,256.0,1.1371559157290789e-12,233.41663912156992,0.9999999999999998,0.2180651960065617,6.9506502255374345,0.9124468879383351,100.0
1,20,10,noisy,QFT,quantum,0.85,0.8535482547732697,218.50835322195704,0.025503010054141784,26.401210579241607,0.998854236209302,0.2168239783744685,7.000231172952406,0.9132792486890158,85.0
1,20,10,noisy,QFT,quantum,0.75,0.7520789826968973,192.53221957040572,0.04404810831553726,21.654494181596004,0.9965781217617706,0.21434663289604852,7.100044034257382,0.9149349748315797,75.0
1,20,10,noisy,QFT,quantum,0.5,0.5014263872315036,128.3651551312649,0.09411561594645443,15.05980564436388,0.984281342968406,0.20104186556152462,7.656647235851257,0.9236331049129636,50.0
1,20,10,noisy,QFT,quantum,0.45,0.4543369630071599,116.31026252983294,0.10450050521233266,14.150671620092183,0.9805849635693966,0.1970085652550795,7.8326751842895455,0.9262135049539296,45.0
1,20,10,noisy,QFT,quantum,0.25,0.25055004474940334,64.14081145584726,0.15481129308786232,10.736986657972679,0.956874044122488,0.17115145743203514,9.054765314279244,0.9420413239965011,25.0
1,20,10,noisy,QFT,quantum,0.1,0.10169301909307876,26.033412887828163,0.20391902420878155,8.34388453576043,0.9238918617462062,0.13757762000459,10.951421504518212,0.9605010397595383,10.0
1,20,10,noisy,QFT,quantum,0.05,0.054640886038186155,13.988066825775656,0.22880427923197894,7.343756568907263,0.9031378254859588,0.13379426764992555,11.193627214441912,0.9617248876774447,5.0
1,20,10,noisy,QFT,quantum,0.02,0.023456145584725537,6.004773269689737,0.27037525795438433,5.893700485642186,0.8617351667540729,0.1778284028594022,8.72235478934767,0.9306090278868466,2.0
1,20,10,noisy,QFT,quantum,0.01,0.015615677207637232,3.9976133651551313,0.29304627867370886,5.19431520648629,0.8352301610464518,0.20518279150175664,7.479558666845981,0.9063359693310902,1.0
1,20,10,noisy,QDCT,quantum,1.0,1.0,256.0,2.5043221340430664e-12,226.55923558213112,1.0,0.21806519600656496,6.950650225537306,0.9124468879383052,100.0
1,20,10,noisy,QDCT,quantum,0.85,0.8515625,218.0,0.010006221094308545,34.527637527705444,0.9998237031246893,0.21785742896342183,6.958929868026339,0.9125892741641652,85.0
1,20,10,noisy,QDCT,quantum,0.75,0.75,192.0,0.02186148871544805,27.73944476058979,0.9991582007328856,0.21709185741276196,6.9895066597327284,0.9131103600980002,75.0
1,20,10,noisy,QDCT,quantum,0.5,0.5,128.0,0.06357921034923905,18.466736827544434,0.9928575729108657,0.2099725443211017,7.279127132659337,0.9178841172240492,50.0
1,20,10,noisy,QDCT,quantum,0.45,0.453125,116.0,0.07342949947845266,17.215628063204825,0.9904614598950033,0.2072043207358736,7.394401202157125,0.9197245319566545,45.0
1,20,10,noisy,QDCT,quantum,0.25,0.25,64.0,0.12560357095828106,12.552999686706096,0.9718271043377581,0.185438230932959,8.358391838309732,0.9337036368721172,25.0
1,20,10,noisy,QDCT,quantum,0.1,0.1015625,26.0,0.18101328585781648,9.378830381199654,0.940544273949548,0.14787438823526025,10.324518129573628,0.9555759245154466,10.0
1,20,10,noisy,QDCT,quantum,0.05,0.05078125,13.0,0.2097004371453311,8.101052705365609,0.9193235517477725,0.1269037028141442,11.652891464644263,0.966182776059333,5.0
1,20,10,noisy,QDCT,quantum,0.02,0.0234375,6.0,0.23698602223241236,7.038584792083556,0.8956776574236127,0.1326764709905305,11.26649912090307,0.9621546806741411,2.0
1,20,10,noisy,QDCT,quantum,0.01,0.01171875,3.0,0.2705707592597756,5.887422214677539,0.8615189674308021,0.1753014279226845,8.846668275028064,0.932607510775202,1.0
1,20,10,noisy,QDST,quantum,1.0,1.0,256.0,2.88906628743891e-12,225.31788929112162,1.0,0.21806519600656804,6.950650225537183,0.9124468879383378,100.0
1,20,10,noisy,QDST,quantum,0.85,0.8515625,218.0,0.010034838366759198,34.50283178929891,0.9998226931206041,0.2178728399472381,6.958315459920001,0.912576096206634,85.0
1,20,10,noisy,QDST,quantum,0.75,0.75,192.0,0.021761799384752447,27.779143374313698,0.9991658709160656,0.21717082536143834,6.986347710451957,0.9130452842851344,75.0
1,20,10,noisy,QDST,quantum,0.5,0.5,128.0,0.06345380768495956,18.483885661334654,0.9928859446422624,0.21032739067241557,7.264460668443295,0.9175980400229292,50.0
1,20,10,noisy,QDST,quantum,0.45,0.453125,116.0,0.07331821084331903,17.228802251557525,0.9904907052707546,0.20772251613927883,7.37270585721916,0.9193088413257186,45.0
1,20,10,noisy,QDST,quantum,0.25,0.25,64.0,0.12586734452985235,12.534778025024744,0.9717069404460187,0.18651500947309355,8.308101615369196,0.9328899624367151,25.0
1,20,10,noisy,QDST,quantum,0.1,0.1015625,26.0,0.1811188646066467,9.373765681005148,0.9404728704070578,0.14925815932137465,10.243615717963621,0.9547245262290724,10.0
1,20,10,noisy,QDST,quantum,0.05,0.05078125,13.0,0.2090857007697637,8.126552766930953,0.9198167353413124,0.1264726672359163,11.682443794827524,0.966435375021998,5.0
1,20,10,noisy,QDST,quantum,0.02,0.0234375,6.0,0.2361026031540937,7.0710239128974495,0.8964991604570354,0.13078866062407846,11.390975502508827,0.963246293727126,2.0
1,20,10,noisy,QDST,quantum,0.01,0.01171875,3.0,0.2700165924335501,5.9052303767245915,0.8621308625604687,0.17207184688586516,9.008180946131073,0.9351325633655229,1.0
1,20,10,noisy,QDWT,quantum,1.0,1.0,256.0,5.1395074034776615e-12,220.31460950148374,0.9999999999999996,0.21806519600656935,6.950650225537131,0.9124468879383154,100.0
1,20,10,noisy,QDWT,quantum,0.85,0.8515625,218.0,0.0182194869986522,29.322316531602848,0.9994153925113708,0.2184252323643098,6.936321220477755,0.9120347542288989,85.0
1,20,10,noisy,QDWT,quantum,0.75,0.75,192.0,0.03960135386408745,22.57883875059472,0.9972351308724512,0.2197615451266633,6.883343350056715,0.9104979724354266,75.0
1,20,10,noisy,QDWT,quantum,0.5,0.5,128.0,0.11605936368405206,13.239435718676662,0.9759967400127915,0.22962397954294933,6.502032562385453,0.8979879898248052,50.0
1,20,10,noisy,QDWT,quantum,0.45,0.453125,116.0,0.13388015720504054,11.998715148569861,0.9679284982968408,0.2331063428465524,6.371295530809345,0.8933365132951486,45.0
1,20,10,noisy,QDWT,quantum,0.25,0.25,64.0,0.23488706461356693,7.115857410434603,0.8976224784357156,0.26631780465880456,5.214373305594435,0.8473843767714047,25.0
1,20,10,noisy,QDWT,quantum,0.1,0.1015625,26.0,0.35297815874922833,3.5780827543862475,0.7491831488884743,0.334661735132573,3.2302561798187868,0.7302093280518831,10.0
1,20,10,noisy,QDWT,quantum,0.05,0.05078125,13.0,0.42028798693558067,2.0620998860207274,0.6148171385818257,0.3880258618762959,1.94516390368848,0.6049226832696902,5.0
1,20,10,noisy,QDWT,quantum,0.02,0.0234375,6.0,0.4723363489968816,1.0480120550680936,0.4630381381502652,0.43539356892778547,0.9447371500584706,0.4464625597372184,2.0
1,20,10,noisy,QDWT,quantum,0.01,0.01171875,3.0,0.49942441758162504,0.5636439850674433,0.34887561301626474,0.45909587192553125,0.4843095940098736,0.3292600046649333,1.0
1,20,0,noisy,FFT,classical,1.0,1.0,256.0,1.9633115127489297e-16,inf,1.0,0.6873071315930269,-3.0206396562813826,0.5774998022140906,100.0
1,20,0,noisy,FFT,classical,0.85,0.853455026849642,218.48448687350836,0.07701798231623273,20.77320639266743,0.9958068591296093,0.6832067600791667,-2.968665749372745,0.5795462333590515,85.0
1,20,0,noisy,FFT,classical,0.75,0.7518645584725537,192.47732696897376,0.13165665164642218,16.116193017884683,0.9876975882853821,0.6752980532008944,-2.867532605766435,0.5834873195947555,75.0
1,20,0,noisy,FFT,classical,0.5,0.5015009695704057,128.38424821002386,0.2782507447218307,9.616322424763554,0.9438053566105944,0.6321651464543045,-2.2942336104841035,0.6058276862612519,50.0
1,20,0,noisy,FFT,classical,0.45,0.45443951372315033,116.33651551312649,0.3081583288595566,8.729570926706465,0.9306038943562205,0.6191051556784939,-2.112911065082854,0.6128450325947508,45.0
1,20,0,noisy,FFT,classical,0.25,0.25068988663484487,64.17661097852029,0.45189011728986495,5.404392261474072,0.8437367751576031,0.530679610612514,-0.7742706876912986,0.6649538251398625,25.0
1,20,0,noisy,FFT,classical,0.1,0.10173031026252984,26.042959427207638,0.5834682535905994,3.184704509512657,0.720889424520377,0.39895128721539896,1.7039799351191618,0.7548951943944181,10.0
1,20,0,noisy,FFT,classical,0.05,0.054612917661097854,13.98090692124105,0.6372595711380398,2.418721793161451,0.6534798485360549,0.3218706153420548,3.5687507427079908,0.8138592584192121,5.0
1,20,0,noisy,FFT,classical,0.02,0.023465468377088305,6.007159904534606,0.6839006198562764,1.805189185047065,0.5831772326779718,0.25456816788952363,5.6062954086754235,0.8641010797330039,2.0
1,20,0,noisy,FFT,classical,0.01,0.015606354415274463,3.9952267303102627,0.7009673967926968,1.5910927592427193,0.5538489041475078,0.24711460947960165,5.864408913086388,0.8659089941425354,1.0
1,20,0,noisy,DCT,classical,1.0,1.0,256.0,3.243317919837102e-16,inf,1.0,0.6873071315930268,-3.0206396562813813,0.5774998022140906,100.0
1,20,0,noisy,DCT,classical,0.85,0.8515625,218.0,0.030396165483607105,28.848673127362762,0.9993480159062684,0.6866844270727409,-3.0127666193962135,0.5777925334024204,85.0
1,20,0,noisy,DCT,classical,0.75,0.75,192.0,0.06577473065659706,22.14386756515125,0.996943447585168,0.6843551098255198,-2.9832529380427015,0.578929118213715,75.0
1,20,0,noisy,DCT,classical,0.5,0.5,128.0,0.19003542922555564,12.928357609700011,0.9741912735129312,0.661988385677424,-2.6946300513073203,0.5903400597030958,50.0
1,20,0,noisy,DCT,classical,0.45,0.453125,116.0,0.21929598914197102,11.684435359524253,0.9654802862274867,0.6533929119371351,-2.581111029667709,0.5948135592246954,45.0
1,20,0,noisy,DCT,classical,0.25,0.25,64.0,0.37314340187357264,7.067533800386309,0.8964133470027406,0.5840198589596056,-1.6061749531432477,0.6334030437199683,25.0
1,20,0,noisy,DCT,classical,0.1,0.1015625,26.0,0.5306599047068388,4.008723638233995,0.7763335051084821,0.4572343297626195,0.5196007412353085,0.7150534317318853,10.0
1,20,0,noisy,DCT,classical,0.05,0.05078125,13.0,0.6046900671307911,2.8743924366434537,0.6957778808918953,0.3658935848122292,2.4552814464045127,0.7822652769948409,5.0
1,20,0,noisy,DCT,classical,0.02,0.0234375,6.0,0.6567581208952223,2.1569401002811897,0.6256492083099149,0.2838033108478858,4.6620281957875225,0.845819035755379,2.0
1,20,0,noisy,DCT,classical,0.01,0.01171875,3.0,0.6882179420020569,1.7505293203886771,0.5759667572667252,0.24015903580096395,6.112398722713764,0.877479996523822,1.0
1,20,0,noisy,DST,classical,1.0,1.0,256.0,3.206401861409494e-16,inf,0.9999999999999999,0.6873071315930268,-3.0206396562813813,0.5774998022140905,100.0
1,20,0,noisy,DST,classical,0.85,0.8515625,218.0,0.030514574157971396,28.81490286026938,0.9993429148737921,0.686651468186507,-3.012349711559661,0.5778421803182167,85.0
1,20,0,noisy,DST,classical,0.75,0.75,192.0,0.06600458074820048,22.113567595721197,0.9969219664190246,0.6842217618501519,-2.981560309992146,0.5791286135168902,75.0
1,20,0,noisy,DST,classical,0.5,0.5,128.0,0.19084086017491347,12.89162182456378,0.9739685975896754,0.6614446042134746,-2.6874922119380837,0.5909943065219758,50.0
1,20,0,noisy,DST,classical,0.45,0.453125,116.0,0.2201253749359433,11.651646958152039,0.9652123690121316,0.6526972933466278,-2.57185888635604,0.5956689002707235,45.0
1,20,0,noisy,DST,classical,0.25,0.25,64.0,0.3740669044941715,7.046063416857152,0.8958687842350449,0.5830025459717543,-1.591031678188616,0.6344663016275699,25.0
1,20,0,noisy,DST,classical,0.1,0.1015625,26.0,0.5311108967008349,4.001344895255026,0.7758976049518065,0.456468816647524,0.5341550612375742,0.7158175777171774,10.0
1,20,0,noisy,DST,classical,0.05,0.05078125,13.0,0.6052404719768286,2.866489906830065,0.6951014737570562,0.3645397726127359,2.4874789814732052,0.7835955799515157,5.0
1,20,0,noisy,DST,classical,0.02,0.0234375,6.0,0.6575371178645316,2.1466436580563246,0.6244932511793079,0.27872277406571827,4.818928232641697,0.8509725525340477,2.0
1,20,0,noisy,DST,classical,0.01,0.01171875,3.0,0.6890658639882575,1.739834418303444,0.574534604352182,0.23584228126410264,6.269944007163124,0.8815551224251982,1.0
1,20,0,noisy,DWT,classical,1.0,1.0,256.0,3.2449876555317414e-16,inf,1.0,0.6873071315930267,-3.0206396562813804,0.5774998022140906,100.0
1,20,0,noisy,DWT,classical,0.85,0.8515625,218.0,0.034429048250876136,27.76654878563713,0.9991634547186545,0.6868744543945086,-3.0151699475358242,0.5772599364334047,85.0
1,20,0,noisy,DWT,classical,0.75,0.75,192.0,0.07523312517122593,20.976867077948306,0.9959993757961673,0.6849976098846368,-2.991403774470949,0.5767603007706128,75.0
1,20,0,noisy,DWT,classical,0.5,0.5,128.0,0.21824523191194903,11.726153846572425,0.9658152979233989,0.6689759800767958,-2.7858331413158908,0.569098155039539,50.0
1,20,0,noisy,DWT,classical,0.45,0.453125,116.0,0.2521935614930093,10.470369235580169,0.9540788587232806,0.6627257158554858,-2.7042991100233165,0.5662924695385495,45.0
1,20,0,noisy,DWT,classical,0.25,0.25,64.0,0.43173889028687745,5.800625714035905,0.8584965907239179,0.6179622254640962,-2.096861222233137,0.5360417712259186,25.0
1,20,0,noisy,DWT,classical,0.1,0.1015625,26.0,0.6168230898896802,2.7018366814120887,0.6805895319487713,0.5522013947644131,-1.119572636785789,0.46561746707326795,10.0
1,20,0,noisy,DWT,classical,0.05,0.05078125,13.0,0.7047422328289419,1.5444431705442887,0.547049003439298,0.521034880772729,-0.6149586155319302,0.3942194178039507,5.0
1,20,0,noisy,DWT,classical,0.02,0.0234375,6.0,0.7651303387863831,0.8303406750381065,0.4171654858731838,0.503522427616158,-0.3179990401294336,0.30925228824745843,2.0
1,20,0,noisy,DWT,classical,0.01,0.01171875,3.0,0.7975939559261491,0.4694120465406845,0.32007788867663367,0.4959490486695315,-0.1863638823305082,0.2380698758279759,1.0
1,20,0,noisy,QFT,quantum,1.0,1.0,256.0,3.786847179835957e-12,226.93949354625576,0.9999999999999999,0.6873071315930186,-3.020639656281277,0.5774998022140786,100.0
1,20,0,noisy,QFT,quantum,0.85,0.853455026849642,218.48448687350836,0.07701798231623273,20.773206392667433,0.9958068591296096,0.683206760079159,-2.9686657493726463,0.5795462333590395,85.0
1,20,0,noisy,QFT,quantum,0.75,0.7518645584725537,192.47732696897376,0.13165665164642223,16.116193017884676,0.9876975882853809,0.6752980532008898,-2.8675326057663737,0.5834873195947428,75.0
1,20,0,noisy,QFT,quantum,0.5,0.5015009695704057,128.38424821002386,0.27825074472183065,9.616322424763556,0.9438053566105951,0.6321651464542946,-2.2942336104839653,0.60582768626124,50.0
1,20,0,noisy,QFT,quantum,0.45,0.45443951372315033,116.33651551312649,0.3081583288595566,8.729570926706465,0.930603894356222,0.6191051556784851,-2.1129110650827325,0.6128450325947392,45.0
1,20,0,noisy,QFT,quantum,0.25,0.25068988663484487,64.17661097852029,0.45189011728986495,5.404392261474072,0.8437367751576037,0.5306796106125048,-0.7742706876911469,0.6649538251398528,25.0
1,20,0,noisy,QFT,quantum,0.1,0.10173031026252984,26.042959427207638,0.5834682535906015,3.184704509512626,0.7208894245203746,0.3989512872153971,1.7039799351192033,0.7548951943944053,10.0
1,20,0,noisy,QFT,quantum,0.05,0.054612917661097854,13.98090692124105,0.6372595711380606,2.4187217931611666,0.6534798485360269,0.3218706153420705,3.5687507427075653,0.8138592584191746,5.0
1,20,0,noisy,QFT,quantum,0.02,0.023465468377088305,6.007159904534606,0.6839006198562803,1.805189185047016,0.5831772326779657,0.25456816788953024,5.6062954086752,0.8641010797329904,2.0
1,20,0,noisy,QFT,quantum,0.01,0.015606354415274463,3.9952267303102627,0.7009673967927013,1.5910927592426638,0.5538489041474991,0.24711460947960934,5.864408913086118,0.8659089941425239,1.0
1,20,0,noisy,QDCT,quantum,1.0,1.0,256.0,5.0509366781463406e-12,224.4376106532823,1.0,0.6873071315930219,-3.020639656281319,0.5774998022140663,100.0
1,20,0,noisy,QDCT,quantum,0.85,0.8515625,218.0,0.030396165483604753,28.848673127363433,0.9993480159062699,0.6866844270727234,-3.012766619395992,0.5777925334024373,85.0
1,20,0,noisy,QDCT,quantum,0.75,0.75,192.0,0.06577473065660049,22.143867565150796,0.9969434475851672,0.6843551098255264,-2.9832529380427846,0.5789291182136633,75.0
1,20,0,noisy,QDCT,quantum,0.5,0.5,128.0,0.1900354292255777,12.928357609699002,0.974191273512924,0.6619883856774339,-2.694630051307449,0.5903400597030831,50.0
1,20,0,noisy,QDCT,quantum,0.45,0.453125,116.0,0.21929598914200207,11.684435359523022,0.965480286227477,0.6533929119371392,-2.581111029667764,0.5948135592246865,45.0
1,20,0,noisy,QDCT,quantum,0.25,0.25,64.0,0.3731434018735601,7.0675338003866015,0.8964133470027484,0.584019858959602,-1.6061749531431924,0.6334030437199585,25.0
1,20,0,noisy,QDCT,quantum,0.1,0.1015625,26.0,0.5306599047068338,4.008723638234079,0.7763335051084868,0.45723432976261813,0.5196007412353358,0.7150534317318744,10.0
1,20,0,noisy,QDCT,quantum,0.05,0.05078125,13.0,0.6046900671307942,2.874392436643409,0.695777880891891,0.3658935848120634,2.455281446408448,0.7822652769949668,5.0
1,20,0,noisy,QDCT,quantum,0.02,0.0234375,6.0,0.6567581208952229,2.156940100281183,0.6256492083099141,0.28380331084789123,4.662028195787356,0.8458190357553605,2.0
1,20,0,noisy,QDCT,quantum,0.01,0.01171875,3.0,0.6882179420020572,1.750529320388674,0.5759667572667244,0.24015903580096146,6.112398722713854,0.8774799965238168,1.0
1,20,0,noisy,QDST,quantum,1.0,1.0,256.0,5.037690193804695e-12,224.4604200144895,0.9999999999999999,0.6873071315930279,-3.020639656281396,0.5774998022140578,100.0
1,20,0,noisy,QDST,quantum,0.85,0.8515625,218.0,0.030514574157972693,28.81490286026901,0.999342914873792,0.6866514681865092,-3.0123497115596893,0.5778421803182022,85.0
1,20,0,noisy,QDST,quantum,0.75,0.75,192.0,0.06600458074820373,22.11356759572077,0.996921966419024,0.6842217618501523,-2.9815603099921506,0.5791286135168708,75.0
1,20,0,noisy,QDST,quantum,0.5,0.5,128.0,0.19084086017489896,12.891621824564439,0.9739685975896806,0.6614446042135057,-2.687492211938492,0.5909943065213991,50.0
1,20,0,noisy,QDST,quantum,0.45,0.453125,116.0,0.2201253749359489,11.65164695815182,0.9652123690121315,0.652697293346632,-2.571858886356094,0.5956689002707085,45.0
1,20,0,noisy,QDST,quantum,0.25,0.25,64.0,0.3740669044941776,7.0460634168570095,0.8958687842350405,0.583002545971759,-1.5910316781886877,0.6344663016275431,25.0
1,20,0,noisy,QDST,quantum,0.1,0.1015625,26.0,0.5311108967008358,4.001344895255013,0.7758976049518053,0.4564688166475166,0.5341550612377157,0.7158175777171236,10.0
1,20,0,noisy,QDST,quantum,0.05,0.05078125,13.0,0.6052404719768666,2.866489906829519,0.6951014737570103,0.36453977261274023,2.4874789814731018,0.7835955799512833,5.0
1,20,0,noisy,QDST,quantum,0.02,0.0234375,6.0,0.6575371178645445,2.146643658056154,0.6244932511792892,0.2787227740656489,4.81892823264386,0.8509725525343828,2.0
1,20,0,noisy,QDST,quantum,0.01,0.01171875,3.0,0.6890658639882581,1.7398344183034367,0.5745346043521804,0.23584228126408205,6.2699440071638834,0.8815551224252056,1.0
1,20,0,noisy,QDWT,quantum,1.0,1.0,256.0,4.033254274599818e-12,226.391937077004,1.0,0.6873071315930229,-3.0206396562813325,0.5774998022140783,100.0
1,20,0,noisy,QDWT,quantum,0.85,0.8515625,218.0,0.03442904825088888,27.76654878563392,0.9991634547186549,0.6868744543944978,-3.0151699475356875,0.5772599364333834,85.0
1,20,0,noisy,QDWT,quantum,0.75,0.75,192.0,0.07523312517122344,20.976867077948597,0.9959993757961684,0.6849976098846224,-2.9914037744707676,0.5767603007705854,75.0
1,20,0,noisy,QDWT,quantum,0.5,0.5,128.0,0.21824523191195355,11.726153846572247,0.9658152979233982,0.6689759800768101,-2.785833141316077,0.5690981550395082,50.0
1,20,0,noisy,QDWT,quantum,0.45,0.453125,116.0,0.25219356149300803,10.470369235580213,0.9540788587232805,0.6627257158554818,-2.7042991100232627,0.5662924695385272,45.0
1,20,0,noisy,QDWT,quantum,0.25,0.25,64.0,0.43173889028687645,5.800625714035926,0.858496590723918,0.6179622254641001,-2.096861222233191,0.5360417712258826,25.0
1,20,0,noisy,QDWT,quantum,0.1,0.1015625,26.0,0.6168230898896632,2.7018366814123267,0.6805895319487909,0.5522013947644017,-1.1195726367856094,0.4656174670732577,10.0
1,20,0,noisy,QDWT,quantum,0.05,0.05078125,13.0,0.704742232829082,1.544443170542563,0.5470490034390428,0.521034880772942,-0.6149586155354805,0.394219417803444,5.0
1,20,0,noisy,QDWT,quantum,0.02,0.0234375,6.0,0.7651303387863835,0.8303406750381033,0.4171654858731834,0.5035224276161511,-0.31799904012931585,0.30925228824746415,2.0
1,20,0,noisy,QDWT,quantum,0.01,0.01171875,3.0,0.7975939559261476,0.46941204654070096,0.32007788867663867,0.4959490486695217,-0.18636388233033763,0.23806987582799022,1.0
1,20,-10,noisy,FFT,classical,1.0,1.0,256.0,5.119414001053518e-16,inf,1.0,2.175543901493328,-13.02897968332397,0.21901705253657922,100.0
1,20,-10,noisy,FFT,classical,0.85,0.8535296091885441,218.5035799522673,0.24059055425921821,19.339264389304198,0.9941613615635808,2.16244513409612,-12.976524597402204,0.21979495874310695,85.0
1,20,-10,noisy,FFT,classical,0.75,0.7520883054892601,192.53460620525058,0.4095167857076081,14.719401686762625,0.9829888960398083,2.137291461976494,-12.874897668603937,0.22149037303315755,75.0
1,20,-10,noisy,FFT,classical,0.5,0.5014823239856802,128.37947494033412,0.8634860686205053,8.239729140319103,0.9219665742230556,2.000217412657549,-12.299166724788059,0.2306710465698122,50.0
1,20,-10,noisy,FFT,classical,0.45,0.4544022225536993,116.32696897374701,0.9558033730226495,7.357464666242866,0.9034593944420275,1.958743522136058,-12.117174115667883,0.2334376917583912,45.0
1,20,-10,noisy,FFT,classical,0.25,0.25067124105011934,64.17183770883055,1.3994720854200293,4.045551037817601,0.7784905468508365,1.677483161597575,-10.770786040847515,0.2575441611458339,25.0
1,20,-10,noisy,FFT,classical,0.1,0.10180489260143198,26.062052505966587,1.8012768914126234,1.8532262926510923,0.5893683087713651,1.2519938494037215,-8.22966655858662,0.3092291701996281,10.0
1,20,-10,noisy,FFT,classical,0.05,0.05456630369928401,13.968973747016706,1.9604880390549184,1.1175519021892424,0.47632293424243327,0.9997456181532607,-6.275412837924014,0.3528014833956708,5.0
1,20,-10,noisy,FFT,classical,0.02,0.023474791169451073,6.009546539379475,2.087201564897614,0.5735480082618578,0.3517320040945183,0.7355740042615506,-3.61015010252431,0.40641539208791133,2.0
1,20,-10,noisy,FFT,classical,0.01,0.015625,4.0,2.125225909972894,0.4167338018568876,0.3024838837158858,0.635569462844099,-2.3408831021280916,0.4374610288361173,1.0
1,20,-10,noisy,DCT,classical,1.0,1.0,256.0,8.087759722351809e-16,inf,0.9999999999999998,2.1755439014933278,-13.028979683323968,0.21901705253657922,100.0
1,20,-10,noisy,DCT,classical,0.85,0.8515625,218.0,0.09456866325518128,27.449890837425507,0.9991001386934745,2.173522545366997,-13.020905639061226,0.2191410580793451,85.0
1,20,-10,noisy,DCT,classical,0.75,0.75,192.0,0.20537041765347325,20.714078116124416,0.9957491472420668,2.165971529479742,-12.990677526881907,0.21965253717118363,75.0
1,20,-10,noisy,DCT,classical,0.5,0.5,128.0,0.5920745144728083,11.51730849216358,0.9640990933417347,2.0947281700942244,-12.70017611523771,0.22450887098384142,50.0
1,20,-10,noisy,DCT,classical,0.45,0.453125,116.0,0.6827597455805132,10.279477684600772,0.9519626089574118,2.0674247857488908,-12.586217023606663,0.22638668736617337,45.0
1,20,-10,noisy,DCT,classical,0.25,0.25,64.0,1.1592847278837426,5.6810335500394515,0.8542063740129373,1.8469789330930237,-11.606861488516035,0.24414515314302107,25.0
1,20,-10,noisy,DCT,classical,0.1,0.1015625,26.0,1.6444118312487341,2.644623986617243,0.675334464576375,1.4441326394698217,-9.469764327186676,0.28526069408181703,10.0
1,20,-10,noisy,DCT,classical,0.05,0.05078125,13.0,1.869831425982244,1.52878674983564,0.5447306130737202,1.1522939806097758,-7.508888515837516,0.3245299547947025,5.0
1,20,-10,noisy,DCT,classical,0.02,0.0234375,6.0,2.022805761126646,0.84575220501515,0.42065747268366904,0.8739929518452301,-5.107781258868316,0.3857629935724362,2.0
1,20,-10,noisy,DCT,classical,0.01,0.01171875,3.0,2.103507096355104,0.5059562127526931,0.3316217281231148,0.6810521419541578,-2.9412299147548997,0.44355488884591393,1.0
1,20,-10,noisy,DST,classical,1.0,1.0,256.0,8.064308332691652e-16,inf,0.9999999999999996,2.1755439014933278,-13.028979683323968,0.21901705253657913,100.0
1,20,-10,noisy,DST,classical,0.85,0.8515625,218.0,0.09391829283161188,27.509832047780314,0.9991124942105537,2.1735429415611915,-13.020987146502208,0.2191548181016467,85.0
1,20,-10,noisy,DST,classical,0.75,0.75,192.0,0.2041249348317426,20.766914660562964,0.9958006373029993,2.166075901905532,-12.991096066792284,0.2196725288355693,75.0
1,20,-10,noisy,DST,classical,0.5,0.5,128.0,0.5931692553671616,11.501263183111343,0.9639637025036669,2.0943970104915124,-12.698802837694673,0.22458202507493152,50.0
1,20,-10,noisy,DST,classical,0.45,0.453125,116.0,0.6841687386069135,10.261571316558724,0.9517589640486371,2.066939165463893,-12.584176543247086,0.22647805572241175,45.0
1,20,-10,noisy,DST,classical,0.25,0.25,64.0,1.1608414529534223,5.669377680377846,0.8537810020561563,1.8465569184316868,-11.604876630137875,0.24316058891932218,25.0
1,20,-10,noisy,DST,classical,0.1,0.1015625,26.0,1.6456148763869256,2.6382717477485276,0.6747452890139879,1.442600716618887,-9.460545523490612,0.2858863579200279,10.0
1,20,-10,noisy,DST,classical,0.05,0.05078125,13.0,1.8689373856222014,1.532940810404038,0.5453480992376899,1.1509892571309674,-7.499048054037965,0.3295480473549566,5.0
1,20,-10,noisy,DST,classical,0.02,0.0234375,6.0,2.0207493581308666,0.8545868519957505,0.4226412823039597,0.8725575486045392,-5.093504251775057,0.39569968878559625,2.0
1,20,-10,noisy,DST,classical,0.01,0.01171875,3.0,2.10129054082452,0.5151137324052033,0.33443241835616044,0.6746814270735181,-2.8595977490651596,0.464609636169799,1.0
1,20,-10,noisy,DWT,classical,1.0,1.0,256.0,8.096964742709547e-16,inf,0.9999999999999998,2.1755439014933278,-13.028979683323968,0.2190170525365792,100.0
1,20,-10,noisy,DWT,classical,0.85,0.8515625,218.0,0.09453895014280668,27.452620339557924,0.9991007026129068,2.1736751734994453,-13.021515554321763,0.21883961152932999,85.0
1,20,-10,noisy,DWT,classical,0.75,0.75,192.0,0.20667721549620244,20.658983806708303,0.9956948265945532,2.1666019852567664,-12.993205386742074,0.21816012272617707,75.0
1,20,-10,noisy,DWT,classical,0.5,0.5,128.0,0.6009561667058284,11.387979921576513,0.9629931488322304,2.0990718486859015,-12.718168735864726,0.21099876954945349,50.0
1,20,-10,noisy,DWT,classical,0.45,0.453125,116.0,0.693548425244972,10.143300043040654,0.950392719587583,2.072966393442657,-12.60946788059307,0.20847469012555567,45.0
1,20,-10,noisy,DWT,classical,0.25,0.25,64.0,1.178486267394725,5.538345319128917,0.8489048458161146,1.86279682870096,-11.680932449675087,0.18951289910586275,25.0
1,20,-10,noisy,DWT,classical,0.1,0.1015625,26.0,1.668160722316858,2.5200780164827217,0.6635159682320302,1.4871173134668034,-9.72452724847403,0.14816337037169944,10.0
1,20,-10,noisy,DWT,classical,0.05,0.05078125,13.0,1.8923561795395316,1.424778187899334,0.5288527799773087,1.2209266649567418,-8.011414227663941,0.11828895537350163,5.0
1,20,-10,noisy,DWT,classical,0.02,0.0234375,6.0,2.043545041747115,0.7571515537975365,0.399987787797031,0.975290541113939,-6.060302896000672,0.09219034655141652,2.0
1,20,-10,noisy,DWT,classical,0.01,0.01171875,3.0,2.1234333706329567,0.4240630785882523,0.3050051684701599,0.8061628364858703,-4.4060781240935425,0.07303758283478835,1.0
1,20,-10,noisy,QFT,quantum,1.0,1.0,256.0,8.017539122188667e-12,228.8840140868607,0.9999999999999998,2.1755439014933597,-13.028979683324094,0.21901705253657952,100.0
1,20,-10,noisy,QFT,quantum,0.85,0.8535296091885441,218.5035799522673,0.24059055425921846,19.33926438930419,0.9941613615635819,2.162445134096151,-12.97652459740233,0.21979495874310892,85.0
1,20,-10,noisy,QFT,quantum,0.75,0.7520883054892601,192.53460620525058,0.40951678570760797,14.719401686762627,0.9829888960398082,2.1372914619765186,-12.874897668604039,0.22149037303316113,75.0
1,20,-10,noisy,QFT,quantum,0.5,0.5014823239856802,128.37947494033412,0.8634860686205053,8.239729140319103,0.9219665742230554,2.000217412657582,-12.2991667247882,0.2306710465698122,50.0
1,20,-10,noisy,QFT,quantum,0.45,0.4544022225536993,116.32696897374701,0.9558033730226495,7.357464666242866,0.9034593944420288,1.9587435221360965,-12.117174115668055,0.23343769175839157,45.0
1,20,-10,noisy,QFT,quantum,0.25,0.25067124105011934,64.17183770883055,1.3994720854200293,4.045551037817601,0.778490546850836,1.6774831615975838,-10.770786040847561,0.2575441611458347,25.0
1,20,-10,noisy,QFT,quantum,0.1,0.10180489260143198,26.062052505966587,1.8012768914126231,1.8532262926510934,0.5893683087713657,1.2519938494037284,-8.229666558586667,0.309229170199624,10.0
1,20,-10,noisy,QFT,quantum,0.05,0.05456630369928401,13.968973747016706,1.9604880390549488,1.1175519021891074,0.47632293424240757,0.999745618153226,-6.275412837923713,0.3528014833956738,5.0
1,20,-10,noisy,QFT,quantum,0.02,0.023474791169451073,6.009546539379475,2.087201564897613,0.573548008261862,0.3517320040945199,0.7355740042615547,-3.6101501025243583,0.40641539208790256,2.0
1,20,-10,noisy,QFT,quantum,0.01,0.015625,4.0,2.12522590997293,0.4167338018567413,0.3024838837158348,0.6355694628298778,-2.3408831019337404,0.4374610288637185,1.0
1,20,-10,noisy,QDCT,quantum,1.0,1.0,256.0,8.837566470525509e-12,228.0381819763751,0.9999999999999994,2.1755439014933504,-13.028979683324058,0.2190170525365765,100.0
1,20,-10,noisy,QDCT,quantum,0.85,0.8515625,218.0,0.09456866325518014,27.449890837425613,0.9991001386934737,2.1735225453670446,-13.020905639061414,0.21914105807934578,85.0
1,20,-10,noisy,QDCT,quantum,0.75,0.75,192.0,0.2053704176535052,20.714078116123066,0.995749147242066,2.16597152947975,-12.990677526881939,0.21965253717117145,75.0
1,20,-10,noisy,QDCT,quantum,0.5,0.5,128.0,0.5934623663523102,11.49697216360051,0.9639274493051097,2.0947281700942666,-12.700176115237882,0.22450887098381453,50.0
1,20,-10,noisy,QDCT,quantum,0.45,0.453125,116.0,0.6827597455805392,10.279477684600442,0.9519626089574079,2.06742478574873,-12.586217023605988,0.22638668736612383,45.0
1,20,-10,noisy,QDCT,quantum,0.25,0.25,64.0,1.1672059941044048,5.6218856588306245,0.8520364534905067,1.8469831489601616,-11.606881314684186,0.24413673046669487,25.0
1,20,-10,noisy,QDCT,quantum,0.1,0.1015625,26.0,1.6444118312498415,2.644623986611394,0.675334464575832,1.4441326394684721,-9.469764327178558,0.28526069408206156,10.0
1,20,-10,noisy,QDCT,quantum,0.05,0.05078125,13.0,1.8698314259828646,1.5287867498327576,0.544730613073292,1.1522939806102162,-7.508888515840834,0.3245299547931338,5.0
1,20,-10,noisy,QDCT,quantum,0.02,0.0234375,6.0,2.0228057611272603,0.8457522050125126,0.4206574726830791,0.8739929518432462,-5.1077812588486005,0.3857629935730566,2.0
1,20,-10,noisy,QDCT,quantum,0.01,0.01171875,3.0,2.103507096355117,0.5059562127526398,0.3316217281230984,0.6810521419541927,-2.941229914755346,0.4435548888459028,1.0
1,20,-10,noisy,QDST,quantum,1.0,1.0,256.0,3.021044383453856e-11,217.36169372791034,0.9999999999999996,2.175543901493302,-13.028979683323863,0.21901705253659848,100.0
1,20,-10,noisy,QDST,quantum,0.85,0.8515625,218.0,0.09391829283160531,27.509832047780925,0.9991124942105535,2.173542941561224,-13.020987146502335,0.21915481810163764,85.0
1,20,-10,noisy,QDST,quantum,0.75,0.75,192.0,0.20412493483174296,20.766914660562946,0.9958006373029988,2.166075901905567,-12.991096066792425,0.21967252883558938,75.0
1,20,-10,noisy,QDST,quantum,0.5,0.5,128.0,0.5931692553671442,11.501263183111599,0.9639637025036685,2.0943970104914493,-12.698802837694409,0.22458202507494743,50.0
1,20,-10,noisy,QDST,quantum,0.45,0.453125,116.0,0.6972385653359605,10.097207830486166,0.9498513659674593,2.0673244123555063,-12.585795313763606,0.22570512872622214,45.0
1,20,-10,noisy,QDST,quantum,0.25,0.25,64.0,1.1608414529533906,5.6693776803780835,0.853781002056165,1.8465569184315793,-11.604876630137369,0.2431605889193475,25.0
1,20,-10,noisy,QDST,quantum,0.1,0.1015625,26.0,1.6489211359166709,2.620838145612278,0.6731210746693773,1.442600716617692,-9.460545523483416,0.28588634296079857,10.0
1,20,-10,noisy,QDST,quantum,0.05,0.05078125,13.0,1.868937385622355,1.532940810403324,0.5453480992375837,1.150989257130883,-7.499048054037329,0.32954804735525534,5.0
1,20,-10,noisy,QDST,quantum,0.02,0.0234375,6.0,2.0207493581308595,0.8545868519957821,0.4226412823039662,0.8725575486045044,-5.093504251774711,0.39569968878554534,2.0
1,20,-10,noisy,QDST,quantum,0.01,0.01171875,3.0,2.1012905408245217,0.5151137324051973,0.33443241835615833,0.6746814270735095,-2.85959774906505,0.46460963616980855,1.0
1,20,-10,noisy,QDWT,quantum,1.0,1.0,256.0,8.844255969356742e-12,228.03160977471978,1.0,2.1755439014933713,-13.02897968332414,0.21901705253658407,100.0
1,20,-10,noisy,QDWT,quantum,0.85,0.8515625,218.0,0.09453895014283448,27.45262033955537,0.9991007026129062,2.1736751734993587,-13.021515554321416,0.2188396115293485,85.0
1,20,-10,noisy,QDWT,quantum,0.75,0.75,192.0,0.20667721549618964,20.65898380670884,0.9956948265945529,2.166601985256787,-12.993205386742154,0.2181601227261598,75.0
1,20,-10,noisy,QDWT,quantum,0.5,0.5,128.0,0.6009561667058313,11.38797992157647,0.9629931488322313,2.099071848685943,-12.718168735864898,0.2109987695494456,50.0
1,20,-10,noisy,QDWT,quantum,0.45,0.453125,116.0,0.693548425244985,10.14330004304049,0.9503927195875801,2.0729663934426723,-12.609467880593133,0.20847469012555334,45.0
1,20,-10,noisy,QDWT,quantum,0.25,0.25,64.0,1.1784862673947258,5.53834531912891,0.8489048458161135,1.862796828701006,-11.6809324496753,0.18951289910586125,25.0
1,20,-10,noisy,QDWT,quantum,0.1,0.1015625,26.0,1.6681607223178438,2.520078016477587,0.6635159682315324,1.487117313460818,-9.72452724843907,0.14816337037106744,10.0
1,20,-10,noisy,QDWT,quantum,0.05,0.05078125,13.0,1.8923561795394626,1.4247781878996515,0.5288527799773586,1.2209266649568893,-8.011414227664991,0.11828895537348645,5.0
1,20,-10,noisy,QDWT,quantum,0.02,0.0234375,6.0,2.043545041746257,0.7571515538011833,0.399987787797913,0.9752905411158542,-6.060302896017729,0.09219034655169574,2.0
1,20,-10,noisy,QDWT,quantum,0.01,0.01171875,3.0,2.1234333706329602,0.42406307858823833,0.3050051684701556,0.8061628364859049,-4.4060781240939155,0.07303758283481061,1.0
