sample_id,text,morse,clean_file,noisy_file,audio_file,message_id,wpm,snr_requested_db,snr_actual_db,tone_hz,sample_rate,rise_fall_ms,noise_type,seed_base,seed_message,seed_wpm,seed_snr
msg000_wpm05_snr+40db,CQ CQ CQ DE VA3FMU K,-.-. --.- / -.-. --.- / -.-. --.- / -.. . / ...- .- ...-- ..-. -- ..- / -.-,msg000_wpm05_clean.npy,msg000_wpm05_snr+40db_tone700.npy,msg000_wpm05_snr+40db_tone700.wav,0,5,40,40.0021,700,8000,5.0,AWGN,42,0,0,0
msg000_wpm05_snr+30db,CQ CQ CQ DE VA3FMU K,-.-. --.- / -.-. --.- / -.-. --.- / -.. . / ...- .- ...-- ..-. -- ..- / -.-,msg000_wpm05_clean.npy,msg000_wpm05_snr+30db_tone700.npy,msg000_wpm05_snr+30db_tone700.wav,0,5,30,30.009031,700,8000,5.0,AWGN,42,0,0,1
msg000_wpm05_snr+20db,CQ CQ CQ DE VA3FMU K,-.-. --.- / -.-. --.- / -.-. --.- / -.. . / ...- .- ...-- ..-. -- ..- / -.-,msg000_wpm05_clean.npy,msg000_wpm05_snr+20db_tone700.npy,msg000_wpm05_snr+20db_tone700.wav,0,5,20,19.9912,700,8000,5.0,AWGN,42,0,0,2
msg000_wpm05_snr+10db,CQ CQ CQ DE VA3FMU K,-.-. --.- / -.-. --.- / -.-. --.- / -.. . / ...- .- ...-- ..-. -- ..- / -.-,msg000_wpm05_clean.npy,msg000_wpm05_snr+10db_tone700.npy,msg000_wpm05_snr+10db_tone700.wav,0,5,10,9.997968,700,8000,5.0,AWGN,42,0,0,3
msg000_wpm05_snr+05db,CQ CQ CQ DE VA3FMU K,-.-. --.- / -.-. --.- / -.-. --.- / -.. . / ...- .- ...-- ..-. -- ..- / -.-,msg000_wpm05_clean.npy,msg000_wpm05_snr+05db_tone700.npy,msg000_wpm05_snr+05db_tone700.wav,0,5,5,5.0022435,700,8000,5.0,AWGN,42,0,0,4
msg000_wpm05_snr+00db,CQ CQ CQ DE VA3FMU K,-.-. --.- / -.-. --.- / -.-. --.- / -.. . / ...- .- ...-- ..-. -- ..- / -.-,msg000_wpm05_clean.npy,msg000_wpm05_snr+00db_tone700.npy,msg000_wpm05_snr+00db_tone700.wav,0,5,0,-0.014837528,700,8000,5.0,AWGN,42,0,0,5
msg000_wpm05_snr-05db,CQ CQ CQ DE VA3FMU K,-.-. --.- / -.-. --.- / -.-. --.- / -.. . / ...- .- ...-- ..-. -- ..- / -.-,msg000_wpm05_clean.npy,msg000_wpm05_snr-05db_tone700.npy,msg000_wpm05_snr-05db_tone700.wav,0,5,-5,-5.0197654,700,8000,5.0,AWGN,42,0,0,6
msg000_wpm05_snr-10db,CQ CQ CQ DE VA3FMU K,-.-. --.- / -.-. --.- / -.-. --.- / -.. . / ...- .- ...-- ..-. -- ..- / -.-,msg000_wpm05_clean.npy,msg000_wpm05_snr-10db_tone700.npy,msg000_wpm05_snr-10db_tone700.wav,0,5,-10,-9.998813,700,8000,5.0,AWGN,42,0,0,7
msg000_wpm10_snr+40db,CQ CQ CQ DE VA3FMU K,-.-. --.- / -.-. --.- / -.-. --.- / -.. . / ...- .- ...-- ..-. -- ..- / -.-,msg000_wpm10_clean.npy,msg000_wpm10_snr+40db_tone700.npy,msg000_wpm10_snr+40db_tone700.wav,0,10,40,40.022717,700,8000,5.0,AWGN,42,0,1,0
msg000_wpm10_snr+30db,CQ CQ CQ DE VA3FMU K,-.-. --.- / -.-. --.- / -.-. --.- / -.. . / ...- .- ...-- ..-. -- ..- / -.-,msg000_wpm10_clean.npy,msg000_wpm10_snr+30db_tone700.npy,msg000_wpm10_snr+30db_tone700.wav,0,10,30,30.03092,700,8000,5.0,AWGN,42,0,1,1
msg000_wpm10_snr+20db,CQ CQ CQ DE VA3FMU K,-.-. --.- / -.-. --.- / -.-. --.- / -.. . / ...- .- ...-- ..-. -- ..- / -.-,msg000_wpm10_clean.npy,msg000_wpm10_snr+20db_tone700.npy,msg000_wpm10_snr+20db_tone700.wav,0,10,20,20.00881,700,8000,5.0,AWGN,42,0,1,2
msg000_wpm10_snr+10db,CQ CQ CQ DE VA3FMU K,-.-. --.- / -.-. --.- / -.-. --.- / -.. . / ...- .- ...-- ..-. -- ..- / -.-,msg000_wpm10_clean.npy,msg000_wpm10_snr+10db_tone700.npy,msg000_wpm10_snr+10db_tone700.wav,0,10,10,9.972759,700,8000,5.0,AWGN,42,0,1,3
msg000_wpm10_snr+05db,CQ CQ CQ DE VA3FMU K,-.-. --.- / -.-. --.- / -.-. --.- / -.. . / ...- .- ...-- ..-. -- ..- / -.-,msg000_wpm10_clean.npy,msg000_wpm10_snr+05db_tone700.npy,msg000_wpm10_snr+05db_tone700.wav,0,10,5,4.980525,700,8000,5.0,AWGN,42,0,1,4
msg000_wpm10_snr+00db,CQ CQ CQ DE VA3FMU K,-.-. --.- / -.-. --.- / -.-. --.- / -.. . / ...- .- ...-- ..-. -- ..- / -.-,msg000_wpm10_clean.npy,msg000_wpm10_snr+00db_tone700.npy,msg000_wpm10_snr+00db_tone700.wav,0,10,0,0.04269646,700,8000,5.0,AWGN,42,0,1,5
msg000_wpm10_snr-05db,CQ CQ CQ DE VA3FMU K,-.-. --.- / -.-. --.- / -.-. --.- / -.. . / ...- .- ...-- ..-. -- ..- / -.-,msg000_wpm10_clean.npy,msg000_wpm10_snr-05db_tone700.npy,msg000_wpm10_snr-05db_tone700.wav,0,10,-5,-4.9940658,700,8000,5.0,AWGN,42,0,1,6
msg000_wpm10_snr-10db,CQ CQ CQ DE VA3FMU K,-.-. --.- / -.-. --.- / -.-. --.- / -.. . / ...- .- ...-- ..-. -- ..- / -.-,msg000_wpm10_clean.npy,msg000_wpm10_snr-10db_tone700.npy,msg000_wpm10_snr-10db_tone700.wav,0,10,-10,-9.975006,700,8000,5.0,AWGN,42,0,1,7
msg000_wpm15_snr+40db,CQ CQ CQ DE VA3FMU K,-.-. --.- / -.-. --.- / -.-. --.- / -.. . / ...- .- ...-- ..-. -- ..- / -.-,msg000_wpm15_clean.npy,msg000_wpm15_snr+40db_tone700.npy,msg000_wpm15_snr+40db_tone700.wav,0,15,40,40.008408,700,8000,5.0,AWGN,42,0,2,0
msg000_wpm15_snr+30db,CQ CQ CQ DE VA3FMU K,-.-. --.- / -.-. --.- / -.-. --.- / -.. . / ...- .- ...-- ..-. -- ..- / -.-,msg000_wpm15_clean.npy,msg000_wpm15_snr+30db_tone700.npy,msg000_wpm15_snr+30db_tone700.wav,0,15,30,29.997147,700,8000,5.0,AWGN,42,0,2,1
msg000_wpm15_snr+20db,CQ CQ CQ DE VA3FMU K,-.-. --.- / -.-. --.- / -.-. --.- / -.. . / ...- .- ...-- ..-. -- ..- / -.-,msg000_wpm15_clean.npy,msg000_wpm15_snr+20db_tone700.npy,msg000_wpm15_snr+20db_tone700.wav,0,15,20,20.00184,700,8000,5.0,AWGN,42,0,2,2
msg000_wpm15_snr+10db,CQ CQ CQ DE VA3FMU K,-.-. --.- / -.-. --.- / -.-. --.- / -.. . / ...- .- ...-- ..-. -- ..- / -.-,msg000_wpm15_clean.npy,msg000_wpm15_snr+10db_tone700.npy,msg000_wpm15_snr+10db_tone700.wav,0,15,10,10.004931,700,8000,5.0,AWGN,42,0,2,3
msg000_wpm15_snr+05db,CQ CQ CQ DE VA3FMU K,-.-. --.- / -.-. --.- / -.-. --.- / -.. . / ...- .- ...-- ..-. -- ..- / -.-,msg000_wpm15_clean.npy,msg000_wpm15_snr+05db_tone700.npy,msg000_wpm15_snr+05db_tone700.wav,0,15,5,4.984729,700,8000,5.0,AWGN,42,0,2,4
msg000_wpm15_snr+00db,CQ CQ CQ DE VA3FMU K,-.-. --.- / -.-. --.- / -.-. --.- / -.. . / ...- .- ...-- ..-. -- ..- / -.-,msg000_wpm15_clean.npy,msg000_wpm15_snr+00db_tone700.npy,msg000_wpm15_snr+00db_tone700.wav,0,15,0,0.01747974,700,8000,5.0,AWGN,42,0,2,5
msg000_wpm15_snr-05db,CQ CQ CQ DE VA3FMU K,-.-. --.- / -.-. --.- / -.-. --.- / -.. . / ...- .- ...-- ..-. -- ..- / -.-,msg000_wpm15_clean.npy,msg000_wpm15_snr-05db_tone700.npy,msg000_wpm15_snr-05db_tone700.wav,0,15,-5,-4.9640927,700,8000,5.0,AWGN,42,0,2,6
msg000_wpm15_snr-10db,CQ CQ CQ DE VA3FMU K,-.-. --.- / -.-. --.- / -.-. --.- / -.. . / ...- .- ...-- ..-. -- ..- / -.-,msg000_wpm15_clean.npy,msg000_wpm15_snr-10db_tone700.npy,msg000_wpm15_snr-10db_tone700.wav,0,15,-10,-9.968571,700,8000,5.0,AWGN,42,0,2,7
msg000_wpm20_snr+40db,CQ CQ CQ DE VA3FMU K,-.-. --.- / -.-. --.- / -.-. --.- / -.. . / ...- .- ...-- ..-. -- ..- / -.-,msg000_wpm20_clean.npy,msg000_wpm20_snr+40db_tone700.npy,msg000_wpm20_snr+40db_tone700.wav,0,20,40,40.02568,700,8000,5.0,AWGN,42,0,3,0
msg000_wpm20_snr+30db,CQ CQ CQ DE VA3FMU K,-.-. --.- / -.-. --.- / -.-. --.- / -.. . / ...- .- ...-- ..-. -- ..- / -.-,msg000_wpm20_clean.npy,msg000_wpm20_snr+30db_tone700.npy,msg000_wpm20_snr+30db_tone700.wav,0,20,30,29.979137,700,8000,5.0,AWGN,42,0,3,1
msg000_wpm20_snr+20db,CQ CQ CQ DE VA3FMU K,-.-. --.- / -.-. --.- / -.-. --.- / -.. . / ...- .- ...-- ..-. -- ..- / -.-,msg000_wpm20_clean.npy,msg000_wpm20_snr+20db_tone700.npy,msg000_wpm20_snr+20db_tone700.wav,0,20,20,20.01757,700,8000,5.0,AWGN,42,0,3,2
msg000_wpm20_snr+10db,CQ CQ CQ DE VA3FMU K,-.-. --.- / -.-. --.- / -.-. --.- / -.. . / ...- .- ...-- ..-. -- ..- / -.-,msg000_wpm20_clean.npy,msg000_wpm20_snr+10db_tone700.npy,msg000_wpm20_snr+10db_tone700.wav,0,20,10,10.008326,700,8000,5.0,AWGN,42,0,3,3
msg000_wpm20_snr+05db,CQ CQ CQ DE VA3FMU K,-.-. --.- / -.-. --.- / -.-. --.- / -.. . / ...- .- ...-- ..-. -- ..- / -.-,msg000_wpm20_clean.npy,msg000_wpm20_snr+05db_tone700.npy,msg000_wpm20_snr+05db_tone700.wav,0,20,5,4.994455,700,8000,5.0,AWGN,42,0,3,4
msg000_wpm20_snr+00db,CQ CQ CQ DE VA3FMU K,-.-. --.- / -.-. --.- / -.-. --.- / -.. . / ...- .- ...-- ..-. -- ..- / -.-,msg000_wpm20_clean.npy,msg000_wpm20_snr+00db_tone700.npy,msg000_wpm20_snr+00db_tone700.wav,0,20,0,-0.027753081,700,8000,5.0,AWGN,42,0,3,5
msg000_wpm20_snr-05db,CQ CQ CQ DE VA3FMU K,-.-. --.- / -.-. --.- / -.-. --.- / -.. . / ...- .- ...-- ..-. -- ..- / -.-,msg000_wpm20_clean.npy,msg000_wpm20_snr-05db_tone700.npy,msg000_wpm20_snr-05db_tone700.wav,0,20,-5,-5.020368,700,8000,5.0,AWGN,42,0,3,6
msg000_wpm20_snr-10db,CQ CQ CQ DE VA3FMU K,-.-. --.- / -.-. --.- / -.-. --.- / -.. . / ...- .- ...-- ..-. -- ..- / -.-,msg000_wpm20_clean.npy,msg000_wpm20_snr-10db_tone700.npy,msg000_wpm20_snr-10db_tone700.wav,0,20,-10,-9.988672,700,8000,5.0,AWGN,42,0,3,7
msg000_wpm25_snr+40db,CQ CQ CQ DE VA3FMU K,-.-. --.- / -.-. --.- / -.-. --.- / -.. . / ...- .- ...-- ..-. -- ..- / -.-,msg000_wpm25_clean.npy,msg000_wpm25_snr+40db_tone700.npy,msg000_wpm25_snr+40db_tone700.wav,0,25,40,39.968666,700,8000,5.0,AWGN,42,0,4,0
msg000_wpm25_snr+30db,CQ CQ CQ DE VA3FMU K,-.-. --.- / -.-. --.- / -.-. --.- / -.. . / ...- .- ...-- ..-. -- ..- / -.-,msg000_wpm25_clean.npy,msg000_wpm25_snr+30db_tone700.npy,msg000_wpm25_snr+30db_tone700.wav,0,25,30,29.947004,700,8000,5.0,AWGN,42,0,4,1
msg000_wpm25_snr+20db,CQ CQ CQ DE VA3FMU K,-.-. --.- / -.-. --.- / -.-. --.- / -.. . / ...- .- ...-- ..-. -- ..- / -.-,msg000_wpm25_clean.npy,msg000_wpm25_snr+20db_tone700.npy,msg000_wpm25_snr+20db_tone700.wav,0,25,20,19.993624,700,8000,5.0,AWGN,42,0,4,2
msg000_wpm25_snr+10db,CQ CQ CQ DE VA3FMU K,-.-. --.- / -.-. --.- / -.-. --.- / -.. . / ...- .- ...-- ..-. -- ..- / -.-,msg000_wpm25_clean.npy,msg000_wpm25_snr+10db_tone700.npy,msg000_wpm25_snr+10db_tone700.wav,0,25,10,10.013325,700,8000,5.0,AWGN,42,0,4,3
msg000_wpm25_snr+05db,CQ CQ CQ DE VA3FMU K,-.-. --.- / -.-. --.- / -.-. --.- / -.. . / ...- .- ...-- ..-. -- ..- / -.-,msg000_wpm25_clean.npy,msg000_wpm25_snr+05db_tone700.npy,msg000_wpm25_snr+05db_tone700.wav,0,25,5,5.0495243,700,8000,5.0,AWGN,42,0,4,4
msg000_wpm25_snr+00db,CQ CQ CQ DE VA3FMU K,-.-. --.- / -.-. --.- / -.-. --.- / -.. . / ...- .- ...-- ..-. -- ..- / -.-,msg000_wpm25_clean.npy,msg000_wpm25_snr+00db_tone700.npy,msg000_wpm25_snr+00db_tone700.wav,0,25,0,0.039637394,700,8000,5.0,AWGN,42,0,4,5
msg000_wpm25_snr-05db,CQ CQ CQ DE VA3FMU K,-.-. --.- / -.-. --.- / -.-. --.- / -.. . / ...- .- ...-- ..-. -- ..- / -.-,msg000_wpm25_clean.npy,msg000_wpm25_snr-05db_tone700.npy,msg000_wpm25_snr-05db_tone700.wav,0,25,-5,-4.958181,700,8000,5.0,AWGN,42,0,4,6
msg000_wpm25_snr-10db,CQ CQ CQ DE VA3FMU K,-.-. --.- / -.-. --.- / -.-. --.- / -.. . / ...- .- ...-- ..-. -- ..- / -.-,msg000_wpm25_clean.npy,msg000_wpm25_snr-10db_tone700.npy,msg000_wpm25_snr-10db_tone700.wav,0,25,-10,-9.978623,700,8000,5.0,AWGN,42,0,4,7
msg000_wpm30_snr+40db,CQ CQ CQ DE VA3FMU K,-.-. --.- / -.-. --.- / -.-. --.- / -.. . / ...- .- ...-- ..-. -- ..- / -.-,msg000_wpm30_clean.npy,msg000_wpm30_snr+40db_tone700.npy,msg000_wpm30_snr+40db_tone700.wav,0,30,40,40.034286,700,8000,5.0,AWGN,42,0,5,0
msg000_wpm30_snr+30db,CQ CQ CQ DE VA3FMU K,-.-. --.- / -.-. --.- / -.-. --.- / -.. . / ...- .- ...-- ..-. -- ..- / -.-,msg000_wpm30_clean.npy,msg000_wpm30_snr+30db_tone700.npy,msg000_wpm30_snr+30db_tone700.wav,0,30,30,29.981783,700,8000,5.0,AWGN,42,0,5,1
msg000_wpm30_snr+20db,CQ CQ CQ DE VA3FMU K,-.-. --.- / -.-. --.- / -.-. --.- / -.. . / ...- .- ...-- ..-. -- ..- / -.-,msg000_wpm30_clean.npy,msg000_wpm30_snr+20db_tone700.npy,msg000_wpm30_snr+20db_tone700.wav,0,30,20,20.020008,700,8000,5.0,AWGN,42,0,5,2
msg000_wpm30_snr+10db,CQ CQ CQ DE VA3FMU K,-.-. --.- / -.-. --.- / -.-. --.- / -.. . / ...- .- ...-- ..-. -- ..- / -.-,msg000_wpm30_clean.npy,msg000_wpm30_snr+10db_tone700.npy,msg000_wpm30_snr+10db_tone700.wav,0,30,10,10.023386,700,8000,5.0,AWGN,42,0,5,3
msg000_wpm30_snr+05db,CQ CQ CQ DE VA3FMU K,-.-. --.- / -.-. --.- / -.-. --.- / -.. . / ...- .- ...-- ..-. -- ..- / -.-,msg000_wpm30_clean.npy,msg000_wpm30_snr+05db_tone700.npy,msg000_wpm30_snr+05db_tone700.wav,0,30,5,5.001027,700,8000,5.0,AWGN,42,0,5,4
msg000_wpm30_snr+00db,CQ CQ CQ DE VA3FMU K,-.-. --.- / -.-. --.- / -.-. --.- / -.. . / ...- .- ...-- ..-. -- ..- / -.-,msg000_wpm30_clean.npy,msg000_wpm30_snr+00db_tone700.npy,msg000_wpm30_snr+00db_tone700.wav,0,30,0,-0.0042618853,700,8000,5.0,AWGN,42,0,5,5
msg000_wpm30_snr-05db,CQ CQ CQ DE VA3FMU K,-.-. --.- / -.-. --.- / -.-. --.- / -.. . / ...- .- ...-- ..-. -- ..- / -.-,msg000_wpm30_clean.npy,msg000_wpm30_snr-05db_tone700.npy,msg000_wpm30_snr-05db_tone700.wav,0,30,-5,-4.953157,700,8000,5.0,AWGN,42,0,5,6
msg000_wpm30_snr-10db,CQ CQ CQ DE VA3FMU K,-.-. --.- / -.-. --.- / -.-. --.- / -.. . / ...- .- ...-- ..-. -- ..- / -.-,msg000_wpm30_clean.npy,msg000_wpm30_snr-10db_tone700.npy,msg000_wpm30_snr-10db_tone700.wav,0,30,-10,-10.04114,700,8000,5.0,AWGN,42,0,5,7
msg001_wpm05_snr+40db,CQ DX CQ DX DE VA3FMU K,-.-. --.- / -.. -..- / -.-. --.- / -.. -..- / -.. . / ...- .- ...-- ..-. -- ..- / -.-,msg001_wpm05_clean.npy,msg001_wpm05_snr+40db_tone700.npy,msg001_wpm05_snr+40db_tone700.wav,1,5,40,40.01253,700,8000,5.0,AWGN,42,1,0,0
msg001_wpm05_snr+30db,CQ DX CQ DX DE VA3FMU K,-.-. --.- / -.. -..- / -.-. --.- / -.. -..- / -.. . / ...- .- ...-- ..-. -- ..- / -.-,msg001_wpm05_clean.npy,msg001_wpm05_snr+30db_tone700.npy,msg001_wpm05_snr+30db_tone700.wav,1,5,30,29.991362,700,8000,5.0,AWGN,42,1,0,1
msg001_wpm05_snr+20db,CQ DX CQ DX DE VA3FMU K,-.-. --.- / -.. -..- / -.-. --.- / -.. -..- / -.. . / ...- .- ...-- ..-. -- ..- / -.-,msg001_wpm05_clean.npy,msg001_wpm05_snr+20db_tone700.npy,msg001_wpm05_snr+20db_tone700.wav,1,5,20,19.999823,700,8000,5.0,AWGN,42,1,0,2
msg001_wpm05_snr+10db,CQ DX CQ DX DE VA3FMU K,-.-. --.- / -.. -..- / -.-. --.- / -.. -..- / -.. . / ...- .- ...-- ..-. -- ..- / -.-,msg001_wpm05_clean.npy,msg001_wpm05_snr+10db_tone700.npy,msg001_wpm05_snr+10db_tone700.wav,1,5,10,9.999732,700,8000,5.0,AWGN,42,1,0,3
msg001_wpm05_snr+05db,CQ DX CQ DX DE VA3FMU K,-.-. --.- / -.. -..- / -.-. --.- / -.. -..- / -.. . / ...- .- ...-- ..-. -- ..- / -.-,msg001_wpm05_clean.npy,msg001_wpm05_snr+05db_tone700.npy,msg001_wpm05_snr+05db_tone700.wav,1,5,5,5.005653,700,8000,5.0,AWGN,42,1,0,4
msg001_wpm05_snr+00db,CQ DX CQ DX DE VA3FMU K,-.-. --.- / -.. -..- / -.-. --.- / -.. -..- / -.. . / ...- .- ...-- ..-. -- ..- / -.-,msg001_wpm05_clean.npy,msg001_wpm05_snr+00db_tone700.npy,msg001_wpm05_snr+00db_tone700.wav,1,5,0,-0.0010223573,700,8000,5.0,AWGN,42,1,0,5
msg001_wpm05_snr-05db,CQ DX CQ DX DE VA3FMU K,-.-. --.- / -.. -..- / -.-. --.- / -.. -..- / -.. . / ...- .- ...-- ..-. -- ..- / -.-,msg001_wpm05_clean.npy,msg001_wpm05_snr-05db_tone700.npy,msg001_wpm05_snr-05db_tone700.wav,1,5,-5,-4.9953256,700,8000,5.0,AWGN,42,1,0,6
msg001_wpm05_snr-10db,CQ DX CQ DX DE VA3FMU K,-.-. --.- / -.. -..- / -.-. --.- / -.. -..- / -.. . / ...- .- ...-- ..-. -- ..- / -.-,msg001_wpm05_clean.npy,msg001_wpm05_snr-10db_tone700.npy,msg001_wpm05_snr-10db_tone700.wav,1,5,-10,-9.993958,700,8000,5.0,AWGN,42,1,0,7
msg001_wpm10_snr+40db,CQ DX CQ DX DE VA3FMU K,-.-. --.- / -.. -..- / -.-. --.- / -.. -..- / -.. . / ...- .- ...-- ..-. -- ..- / -.-,msg001_wpm10_clean.npy,msg001_wpm10_snr+40db_tone700.npy,msg001_wpm10_snr+40db_tone700.wav,1,10,40,40.011185,700,8000,5.0,AWGN,42,1,1,0
msg001_wpm10_snr+30db,CQ DX CQ DX DE VA3FMU K,-.-. --.- / -.. -..- / -.-. --.- / -.. -..- / -.. . / ...- .- ...-- ..-. -- ..- / -.-,msg001_wpm10_clean.npy,msg001_wpm10_snr+30db_tone700.npy,msg001_wpm10_snr+30db_tone700.wav,1,10,30,29.976513,700,8000,5.0,AWGN,42,1,1,1
msg001_wpm10_snr+20db,CQ DX CQ DX DE VA3FMU K,-.-. --.- / -.. -..- / -.-. --.- / -.. -..- / -.. . / ...- .- ...-- ..-. -- ..- / -.-,msg001_wpm10_clean.npy,msg001_wpm10_snr+20db_tone700.npy,msg001_wpm10_snr+20db_tone700.wav,1,10,20,20.01633,700,8000,5.0,AWGN,42,1,1,2
msg001_wpm10_snr+10db,CQ DX CQ DX DE VA3FMU K,-.-. --.- / -.. -..- / -.-. --.- / -.. -..- / -.. . / ...- .- ...-- ..-. -- ..- / -.-,msg001_wpm10_clean.npy,msg001_wpm10_snr+10db_tone700.npy,msg001_wpm10_snr+10db_tone700.wav,1,10,10,10.031003,700,8000,5.0,AWGN,42,1,1,3
msg001_wpm10_snr+05db,CQ DX CQ DX DE VA3FMU K,-.-. --.- / -.. -..- / -.-. --.- / -.. -..- / -.. . / ...- .- ...-- ..-. -- ..- / -.-,msg001_wpm10_clean.npy,msg001_wpm10_snr+05db_tone700.npy,msg001_wpm10_snr+05db_tone700.wav,1,10,5,5.00155,700,8000,5.0,AWGN,42,1,1,4
msg001_wpm10_snr+00db,CQ DX CQ DX DE VA3FMU K,-.-. --.- / -.. -..- / -.-. --.- / -.. -..- / -.. . / ...- .- ...-- ..-. -- ..- / -.-,msg001_wpm10_clean.npy,msg001_wpm10_snr+00db_tone700.npy,msg001_wpm10_snr+00db_tone700.wav,1,10,0,0.028860455,700,8000,5.0,AWGN,42,1,1,5
msg001_wpm10_snr-05db,CQ DX CQ DX DE VA3FMU K,-.-. --.- / -.. -..- / -.-. --.- / -.. -..- / -.. . / ...- .- ...-- ..-. -- ..- / -.-,msg001_wpm10_clean.npy,msg001_wpm10_snr-05db_tone700.npy,msg001_wpm10_snr-05db_tone700.wav,1,10,-5,-4.9928646,700,8000,5.0,AWGN,42,1,1,6
msg001_wpm10_snr-10db,CQ DX CQ DX DE VA3FMU K,-.-. --.- / -.. -..- / -.-. --.- / -.. -..- / -.. . / ...- .- ...-- ..-. -- ..- / -.-,msg001_wpm10_clean.npy,msg001_wpm10_snr-10db_tone700.npy,msg001_wpm10_snr-10db_tone700.wav,1,10,-10,-10.000695,700,8000,5.0,AWGN,42,1,1,7
msg001_wpm15_snr+40db,CQ DX CQ DX DE VA3FMU K,-.-. --.- / -.. -..- / -.-. --.- / -.. -..- / -.. . / ...- .- ...-- ..-. -- ..- / -.-,msg001_wpm15_clean.npy,msg001_wpm15_snr+40db_tone700.npy,msg001_wpm15_snr+40db_tone700.wav,1,15,40,39.992752,700,8000,5.0,AWGN,42,1,2,0
msg001_wpm15_snr+30db,CQ DX CQ DX DE VA3FMU K,-.-. --.- / -.. -..- / -.-. --.- / -.. -..- / -.. . / ...- .- ...-- ..-. -- ..- / -.-,msg001_wpm15_clean.npy,msg001_wpm15_snr+30db_tone700.npy,msg001_wpm15_snr+30db_tone700.wav,1,15,30,30.020584,700,8000,5.0,AWGN,42,1,2,1
msg001_wpm15_snr+20db,CQ DX CQ DX DE VA3FMU K,-.-. --.- / -.. -..- / -.-. --.- / -.. -..- / -.. . / ...- .- ...-- ..-. -- ..- / -.-,msg001_wpm15_clean.npy,msg001_wpm15_snr+20db_tone700.npy,msg001_wpm15_snr+20db_tone700.wav,1,15,20,19.996767,700,8000,5.0,AWGN,42,1,2,2
msg001_wpm15_snr+10db,CQ DX CQ DX DE VA3FMU K,-.-. --.- / -.. -..- / -.-. --.- / -.. -..- / -.. . / ...- .- ...-- ..-. -- ..- / -.-,msg001_wpm15_clean.npy,msg001_wpm15_snr+10db_tone700.npy,msg001_wpm15_snr+10db_tone700.wav,1,15,10,9.97219,700,8000,5.0,AWGN,42,1,2,3
msg001_wpm15_snr+05db,CQ DX CQ DX DE VA3FMU K,-.-. --.- / -.. -..- / -.-. --.- / -.. -..- / -.. . / ...- .- ...-- ..-. -- ..- / -.-,msg001_wpm15_clean.npy,msg001_wpm15_snr+05db_tone700.npy,msg001_wpm15_snr+05db_tone700.wav,1,15,5,5.0088973,700,8000,5.0,AWGN,42,1,2,4
msg001_wpm15_snr+00db,CQ DX CQ DX DE VA3FMU K,-.-. --.- / -.. -..- / -.-. --.- / -.. -..- / -.. . / ...- .- ...-- ..-. -- ..- / -.-,msg001_wpm15_clean.npy,msg001_wpm15_snr+00db_tone700.npy,msg001_wpm15_snr+00db_tone700.wav,1,15,0,-0.023108944,700,8000,5.0,AWGN,42,1,2,5
msg001_wpm15_snr-05db,CQ DX CQ DX DE VA3FMU K,-.-. --.- / -.. -..- / -.-. --.- / -.. -..- / -.. . / ...- .- ...-- ..-. -- ..- / -.-,msg001_wpm15_clean.npy,msg001_wpm15_snr-05db_tone700.npy,msg001_wpm15_snr-05db_tone700.wav,1,15,-5,-5.016926,700,8000,5.0,AWGN,42,1,2,6
msg001_wpm15_snr-10db,CQ DX CQ DX DE VA3FMU K,-.-. --.- / -.. -..- / -.-. --.- / -.. -..- / -.. . / ...- .- ...-- ..-. -- ..- / -.-,msg001_wpm15_clean.npy,msg001_wpm15_snr-10db_tone700.npy,msg001_wpm15_snr-10db_tone700.wav,1,15,-10,-9.994684,700,8000,5.0,AWGN,42,1,2,7
msg001_wpm20_snr+40db,CQ DX CQ DX DE VA3FMU K,-.-. --.- / -.. -..- / -.-. --.- / -.. -..- / -.. . / ...- .- ...-- ..-. -- ..- / -.-,msg001_wpm20_clean.npy,msg001_wpm20_snr+40db_tone700.npy,msg001_wpm20_snr+40db_tone700.wav,1,20,40,40.015144,700,8000,5.0,AWGN,42,1,3,0
msg001_wpm20_snr+30db,CQ DX CQ DX DE VA3FMU K,-.-. --.- / -.. -..- / -.-. --.- / -.. -..- / -.. . / ...- .- ...-- ..-. -- ..- / -.-,msg001_wpm20_clean.npy,msg001_wpm20_snr+30db_tone700.npy,msg001_wpm20_snr+30db_tone700.wav,1,20,30,29.985329,700,8000,5.0,AWGN,42,1,3,1
msg001_wpm20_snr+20db,CQ DX CQ DX DE VA3FMU K,-.-. --.- / -.. -..- / -.-. --.- / -.. -..- / -.. . / ...- .- ...-- ..-. -- ..- / -.-,msg001_wpm20_clean.npy,msg001_wpm20_snr+20db_tone700.npy,msg001_wpm20_snr+20db_tone700.wav,1,20,20,20.02572,700,8000,5.0,AWGN,42,1,3,2
msg001_wpm20_snr+10db,CQ DX CQ DX DE VA3FMU K,-.-. --.- / -.. -..- / -.-. --.- / -.. -..- / -.. . / ...- .- ...-- ..-. -- ..- / -.-,msg001_wpm20_clean.npy,msg001_wpm20_snr+10db_tone700.npy,msg001_wpm20_snr+10db_tone700.wav,1,20,10,10.005746,700,8000,5.0,AWGN,42,1,3,3
msg001_wpm20_snr+05db,CQ DX CQ DX DE VA3FMU K,-.-. --.- / -.. -..- / -.-. --.- / -.. -..- / -.. . / ...- .- ...-- ..-. -- ..- / -.-,msg001_wpm20_clean.npy,msg001_wpm20_snr+05db_tone700.npy,msg001_wpm20_snr+05db_tone700.wav,1,20,5,4.9712424,700,8000,5.0,AWGN,42,1,3,4
msg001_wpm20_snr+00db,CQ DX CQ DX DE VA3FMU K,-.-. --.- / -.. -..- / -.-. --.- / -.. -..- / -.. . / ...- .- ...-- ..-. -- ..- / -.-,msg001_wpm20_clean.npy,msg001_wpm20_snr+00db_tone700.npy,msg001_wpm20_snr+00db_tone700.wav,1,20,0,0.04591474,700,8000,5.0,AWGN,42,1,3,5
msg001_wpm20_snr-05db,CQ DX CQ DX DE VA3FMU K,-.-. --.- / -.. -..- / -.-. --.- / -.. -..- / -.. . / ...- .- ...-- ..-. -- ..- / -.-,msg001_wpm20_clean.npy,msg001_wpm20_snr-05db_tone700.npy,msg001_wpm20_snr-05db_tone700.wav,1,20,-5,-5.004365,700,8000,5.0,AWGN,42,1,3,6
msg001_wpm20_snr-10db,CQ DX CQ DX DE VA3FMU K,-.-. --.- / -.. -..- / -.-. --.- / -.. -..- / -.. . / ...- .- ...-- ..-. -- ..- / -.-,msg001_wpm20_clean.npy,msg001_wpm20_snr-10db_tone700.npy,msg001_wpm20_snr-10db_tone700.wav,1,20,-10,-9.989062,700,8000,5.0,AWGN,42,1,3,7
msg001_wpm25_snr+40db,CQ DX CQ DX DE VA3FMU K,-.-. --.- / -.. -..- / -.-. --.- / -.. -..- / -.. . / ...- .- ...-- ..-. -- ..- / -.-,msg001_wpm25_clean.npy,msg001_wpm25_snr+40db_tone700.npy,msg001_wpm25_snr+40db_tone700.wav,1,25,40,39.990944,700,8000,5.0,AWGN,42,1,4,0
msg001_wpm25_snr+30db,CQ DX CQ DX DE VA3FMU K,-.-. --.- / -.. -..- / -.-. --.- / -.. -..- / -.. . / ...- .- ...-- ..-. -- ..- / -.-,msg001_wpm25_clean.npy,msg001_wpm25_snr+30db_tone700.npy,msg001_wpm25_snr+30db_tone700.wav,1,25,30,29.985235,700,8000,5.0,AWGN,42,1,4,1
msg001_wpm25_snr+20db,CQ DX CQ DX DE VA3FMU K,-.-. --.- / -.. -..- / -.-. --.- / -.. -..- / -.. . / ...- .- ...-- ..-. -- ..- / -.-,msg001_wpm25_clean.npy,msg001_wpm25_snr+20db_tone700.npy,msg001_wpm25_snr+20db_tone700.wav,1,25,20,19.997074,700,8000,5.0,AWGN,42,1,4,2
msg001_wpm25_snr+10db,CQ DX CQ DX DE VA3FMU K,-.-. --.- / -.. -..- / -.-. --.- / -.. -..- / -.. . / ...- .- ...-- ..-. -- ..- / -.-,msg001_wpm25_clean.npy,msg001_wpm25_snr+10db_tone700.npy,msg001_wpm25_snr+10db_tone700.wav,1,25,10,9.991179,700,8000,5.0,AWGN,42,1,4,3
msg001_wpm25_snr+05db,CQ DX CQ DX DE VA3FMU K,-.-. --.- / -.. -..- / -.-. --.- / -.. -..- / -.. . / ...- .- ...-- ..-. -- ..- / -.-,msg001_wpm25_clean.npy,msg001_wpm25_snr+05db_tone700.npy,msg001_wpm25_snr+05db_tone700.wav,1,25,5,5.0452275,700,8000,5.0,AWGN,42,1,4,4
msg001_wpm25_snr+00db,CQ DX CQ DX DE VA3FMU K,-.-. --.- / -.. -..- / -.-. --.- / -.. -..- / -.. . / ...- .- ...-- ..-. -- ..- / -.-,msg001_wpm25_clean.npy,msg001_wpm25_snr+00db_tone700.npy,msg001_wpm25_snr+00db_tone700.wav,1,25,0,0.024329253,700,8000,5.0,AWGN,42,1,4,5
msg001_wpm25_snr-05db,CQ DX CQ DX DE VA3FMU K,-.-. --.- / -.. -..- / -.-. --.- / -.. -..- / -.. . / ...- .- ...-- ..-. -- ..- / -.-,msg001_wpm25_clean.npy,msg001_wpm25_snr-05db_tone700.npy,msg001_wpm25_snr-05db_tone700.wav,1,25,-5,-5.0076385,700,8000,5.0,AWGN,42,1,4,6
msg001_wpm25_snr-10db,CQ DX CQ DX DE VA3FMU K,-.-. --.- / -.. -..- / -.-. --.- / -.. -..- / -.. . / ...- .- ...-- ..-. -- ..- / -.-,msg001_wpm25_clean.npy,msg001_wpm25_snr-10db_tone700.npy,msg001_wpm25_snr-10db_tone700.wav,1,25,-10,-9.940416,700,8000,5.0,AWGN,42,1,4,7
msg001_wpm30_snr+40db,CQ DX CQ DX DE VA3FMU K,-.-. --.- / -.. -..- / -.-. --.- / -.. -..- / -.. . / ...- .- ...-- ..-. -- ..- / -.-,msg001_wpm30_clean.npy,msg001_wpm30_snr+40db_tone700.npy,msg001_wpm30_snr+40db_tone700.wav,1,30,40,40.05768,700,8000,5.0,AWGN,42,1,5,0
msg001_wpm30_snr+30db,CQ DX CQ DX DE VA3FMU K,-.-. --.- / -.. -..- / -.-. --.- / -.. -..- / -.. . / ...- .- ...-- ..-. -- ..- / -.-,msg001_wpm30_clean.npy,msg001_wpm30_snr+30db_tone700.npy,msg001_wpm30_snr+30db_tone700.wav,1,30,30,29.972614,700,8000,5.0,AWGN,42,1,5,1
msg001_wpm30_snr+20db,CQ DX CQ DX DE VA3FMU K,-.-. --.- / -.. -..- / -.-. --.- / -.. -..- / -.. . / ...- .- ...-- ..-. -- ..- / -.-,msg001_wpm30_clean.npy,msg001_wpm30_snr+20db_tone700.npy,msg001_wpm30_snr+20db_tone700.wav,1,30,20,19.977558,700,8000,5.0,AWGN,42,1,5,2
msg001_wpm30_snr+10db,CQ DX CQ DX DE VA3FMU K,-.-. --.- / -.. -..- / -.-. --.- / -.. -..- / -.. . / ...- .- ...-- ..-. -- ..- / -.-,msg001_wpm30_clean.npy,msg001_wpm30_snr+10db_tone700.npy,msg001_wpm30_snr+10db_tone700.wav,1,30,10,10.054313,700,8000,5.0,AWGN,42,1,5,3
msg001_wpm30_snr+05db,CQ DX CQ DX DE VA3FMU K,-.-. --.- / -.. -..- / -.-. --.- / -.. -..- / -.. . / ...- .- ...-- ..-. -- ..- / -.-,msg001_wpm30_clean.npy,msg001_wpm30_snr+05db_tone700.npy,msg001_wpm30_snr+05db_tone700.wav,1,30,5,5.0208855,700,8000,5.0,AWGN,42,1,5,4
msg001_wpm30_snr+00db,CQ DX CQ DX DE VA3FMU K,-.-. --.- / -.. -..- / -.-. --.- / -.. -..- / -.. . / ...- .- ...-- ..-. -- ..- / -.-,msg001_wpm30_clean.npy,msg001_wpm30_snr+00db_tone700.npy,msg001_wpm30_snr+00db_tone700.wav,1,30,0,-0.01663248,700,8000,5.0,AWGN,42,1,5,5
msg001_wpm30_snr-05db,CQ DX CQ DX DE VA3FMU K,-.-. --.- / -.. -..- / -.-. --.- / -.. -..- / -.. . / ...- .- ...-- ..-. -- ..- / -.-,msg001_wpm30_clean.npy,msg001_wpm30_snr-05db_tone700.npy,msg001_wpm30_snr-05db_tone700.wav,1,30,-5,-5.0323324,700,8000,5.0,AWGN,42,1,5,6
msg001_wpm30_snr-10db,CQ DX CQ DX DE VA3FMU K,-.-. --.- / -.. -..- / -.-. --.- / -.. -..- / -.. . / ...- .- ...-- ..-. -- ..- / -.-,msg001_wpm30_clean.npy,msg001_wpm30_snr-10db_tone700.npy,msg001_wpm30_snr-10db_tone700.wav,1,30,-10,-9.926213,700,8000,5.0,AWGN,42,1,5,7
msg002_wpm05_snr+40db,CQ TEST DE VA3FMU VA3FMU,-.-. --.- / - . ... - / -.. . / ...- .- ...-- ..-. -- ..- / ...- .- ...-- ..-. -- ..-,msg002_wpm05_clean.npy,msg002_wpm05_snr+40db_tone700.npy,msg002_wpm05_snr+40db_tone700.wav,2,5,40,40.00584,700,8000,5.0,AWGN,42,2,0,0
msg002_wpm05_snr+30db,CQ TEST DE VA3FMU VA3FMU,-.-. --.- / - . ... - / -.. . / ...- .- ...-- ..-. -- ..- / ...- .- ...-- ..-. -- ..-,msg002_wpm05_clean.npy,msg002_wpm05_snr+30db_tone700.npy,msg002_wpm05_snr+30db_tone700.wav,2,5,30,30.011452,700,8000,5.0,AWGN,42,2,0,1
msg002_wpm05_snr+20db,CQ TEST DE VA3FMU VA3FMU,-.-. --.- / - . ... - / -.. . / ...- .- ...-- ..-. -- ..- / ...- .- ...-- ..-. -- ..-,msg002_wpm05_clean.npy,msg002_wpm05_snr+20db_tone700.npy,msg002_wpm05_snr+20db_tone700.wav,2,5,20,19.992851,700,8000,5.0,AWGN,42,2,0,2
msg002_wpm05_snr+10db,CQ TEST DE VA3FMU VA3FMU,-.-. --.- / - . ... - / -.. . / ...- .- ...-- ..-. -- ..- / ...- .- ...-- ..-. -- ..-,msg002_wpm05_clean.npy,msg002_wpm05_snr+10db_tone700.npy,msg002_wpm05_snr+10db_tone700.wav,2,5,10,10.017886,700,8000,5.0,AWGN,42,2,0,3
msg002_wpm05_snr+05db,CQ TEST DE VA3FMU VA3FMU,-.-. --.- / - . ... - / -.. . / ...- .- ...-- ..-. -- ..- / ...- .- ...-- ..-. -- ..-,msg002_wpm05_clean.npy,msg002_wpm05_snr+05db_tone700.npy,msg002_wpm05_snr+05db_tone700.wav,2,5,5,5.0146303,700,8000,5.0,AWGN,42,2,0,4
msg002_wpm05_snr+00db,CQ TEST DE VA3FMU VA3FMU,-.-. --.- / - . ... - / -.. . / ...- .- ...-- ..-. -- ..- / ...- .- ...-- ..-. -- ..-,msg002_wpm05_clean.npy,msg002_wpm05_snr+00db_tone700.npy,msg002_wpm05_snr+00db_tone700.wav,2,5,0,-0.022940572,700,8000,5.0,AWGN,42,2,0,5
msg002_wpm05_snr-05db,CQ TEST DE VA3FMU VA3FMU,-.-. --.- / - . ... - / -.. . / ...- .- ...-- ..-. -- ..- / ...- .- ...-- ..-. -- ..-,msg002_wpm05_clean.npy,msg002_wpm05_snr-05db_tone700.npy,msg002_wpm05_snr-05db_tone700.wav,2,5,-5,-4.984621,700,8000,5.0,AWGN,42,2,0,6
msg002_wpm05_snr-10db,CQ TEST DE VA3FMU VA3FMU,-.-. --.- / - . ... - / -.. . / ...- .- ...-- ..-. -- ..- / ...- .- ...-- ..-. -- ..-,msg002_wpm05_clean.npy,msg002_wpm05_snr-10db_tone700.npy,msg002_wpm05_snr-10db_tone700.wav,2,5,-10,-9.99529,700,8000,5.0,AWGN,42,2,0,7
msg002_wpm10_snr+40db,CQ TEST DE VA3FMU VA3FMU,-.-. --.- / - . ... - / -.. . / ...- .- ...-- ..-. -- ..- / ...- .- ...-- ..-. -- ..-,msg002_wpm10_clean.npy,msg002_wpm10_snr+40db_tone700.npy,msg002_wpm10_snr+40db_tone700.wav,2,10,40,39.9978,700,8000,5.0,AWGN,42,2,1,0
msg002_wpm10_snr+30db,CQ TEST DE VA3FMU VA3FMU,-.-. --.- / - . ... - / -.. . / ...- .- ...-- ..-. -- ..- / ...- .- ...-- ..-. -- ..-,msg002_wpm10_clean.npy,msg002_wpm10_snr+30db_tone700.npy,msg002_wpm10_snr+30db_tone700.wav,2,10,30,29.990154,700,8000,5.0,AWGN,42,2,1,1
msg002_wpm10_snr+20db,CQ TEST DE VA3FMU VA3FMU,-.-. --.- / - . ... - / -.. . / ...- .- ...-- ..-. -- ..- / ...- .- ...-- ..-. -- ..-,msg002_wpm10_clean.npy,msg002_wpm10_snr+20db_tone700.npy,msg002_wpm10_snr+20db_tone700.wav,2,10,20,19.989025,700,8000,5.0,AWGN,42,2,1,2
msg002_wpm10_snr+10db,CQ TEST DE VA3FMU VA3FMU,-.-. --.- / - . ... - / -.. . / ...- .- ...-- ..-. -- ..- / ...- .- ...-- ..-. -- ..-,msg002_wpm10_clean.npy,msg002_wpm10_snr+10db_tone700.npy,msg002_wpm10_snr+10db_tone700.wav,2,10,10,9.943674,700,8000,5.0,AWGN,42,2,1,3
msg002_wpm10_snr+05db,CQ TEST DE VA3FMU VA3FMU,-.-. --.- / - . ... - / -.. . / ...- .- ...-- ..-. -- ..- / ...- .- ...-- ..-. -- ..-,msg002_wpm10_clean.npy,msg002_wpm10_snr+05db_tone700.npy,msg002_wpm10_snr+05db_tone700.wav,2,10,5,4.977538,700,8000,5.0,AWGN,42,2,1,4
msg002_wpm10_snr+00db,CQ TEST DE VA3FMU VA3FMU,-.-. --.- / - . ... - / -.. . / ...- .- ...-- ..-. -- ..- / ...- .- ...-- ..-. -- ..-,msg002_wpm10_clean.npy,msg002_wpm10_snr+00db_tone700.npy,msg002_wpm10_snr+00db_tone700.wav,2,10,0,-0.0030385223,700,8000,5.0,AWGN,42,2,1,5
msg002_wpm10_snr-05db,CQ TEST DE VA3FMU VA3FMU,-.-. --.- / - . ... - / -.. . / ...- .- ...-- ..-. -- ..- / ...- .- ...-- ..-. -- ..-,msg002_wpm10_clean.npy,msg002_wpm10_snr-05db_tone700.npy,msg002_wpm10_snr-05db_tone700.wav,2,10,-5,-4.972804,700,8000,5.0,AWGN,42,2,1,6
msg002_wpm10_snr-10db,CQ TEST DE VA3FMU VA3FMU,-.-. --.- / - . ... - / -.. . / ...- .- ...-- ..-. -- ..- / ...- .- ...-- ..-. -- ..-,msg002_wpm10_clean.npy,msg002_wpm10_snr-10db_tone700.npy,msg002_wpm10_snr-10db_tone700.wav,2,10,-10,-9.999925,700,8000,5.0,AWGN,42,2,1,7
msg002_wpm15_snr+40db,CQ TEST DE VA3FMU VA3FMU,-.-. --.- / - . ... - / -.. . / ...- .- ...-- ..-. -- ..- / ...- .- ...-- ..-. -- ..-,msg002_wpm15_clean.npy,msg002_wpm15_snr+40db_tone700.npy,msg002_wpm15_snr+40db_tone700.wav,2,15,40,39.98228,700,8000,5.0,AWGN,42,2,2,0
msg002_wpm15_snr+30db,CQ TEST DE VA3FMU VA3FMU,-.-. --.- / - . ... - / -.. . / ...- .- ...-- ..-. -- ..- / ...- .- ...-- ..-. -- ..-,msg002_wpm15_clean.npy,msg002_wpm15_snr+30db_tone700.npy,msg002_wpm15_snr+30db_tone700.wav,2,15,30,29.995422,700,8000,5.0,AWGN,42,2,2,1
msg002_wpm15_snr+20db,CQ TEST DE VA3FMU VA3FMU,-.-. --.- / - . ... - / -.. . / ...- .- ...-- ..-. -- ..- / ...- .- ...-- ..-. -- ..-,msg002_wpm15_clean.npy,msg002_wpm15_snr+20db_tone700.npy,msg002_wpm15_snr+20db_tone700.wav,2,15,20,20.02213,700,8000,5.0,AWGN,42,2,2,2
msg002_wpm15_snr+10db,CQ TEST DE VA3FMU VA3FMU,-.-. --.- / - . ... - / -.. . / ...- .- ...-- ..-. -- ..- / ...- .- ...-- ..-. -- ..-,msg002_wpm15_clean.npy,msg002_wpm15_snr+10db_tone700.npy,msg002_wpm15_snr+10db_tone700.wav,2,15,10,10.033087,700,8000,5.0,AWGN,42,2,2,3
msg002_wpm15_snr+05db,CQ TEST DE VA3FMU VA3FMU,-.-. --.- / - . ... - / -.. . / ...- .- ...-- ..-. -- ..- / ...- .- ...-- ..-. -- ..-,msg002_wpm15_clean.npy,msg002_wpm15_snr+05db_tone700.npy,msg002_wpm15_snr+05db_tone700.wav,2,15,5,5.008566,700,8000,5.0,AWGN,42,2,2,4
msg002_wpm15_snr+00db,CQ TEST DE VA3FMU VA3FMU,-.-. --.- / - . ... - / -.. . / ...- .- ...-- ..-. -- ..- / ...- .- ...-- ..-. -- ..-,msg002_wpm15_clean.npy,msg002_wpm15_snr+00db_tone700.npy,msg002_wpm15_snr+00db_tone700.wav,2,15,0,0.0143873785,700,8000,5.0,AWGN,42,2,2,5
msg002_wpm15_snr-05db,CQ TEST DE VA3FMU VA3FMU,-.-. --.- / - . ... - / -.. . / ...- .- ...-- ..-. -- ..- / ...- .- ...-- ..-. -- ..-,msg002_wpm15_clean.npy,msg002_wpm15_snr-05db_tone700.npy,msg002_wpm15_snr-05db_tone700.wav,2,15,-5,-4.9902706,700,8000,5.0,AWGN,42,2,2,6
msg002_wpm15_snr-10db,CQ TEST DE VA3FMU VA3FMU,-.-. --.- / - . ... - / -.. . / ...- .- ...-- ..-. -- ..- / ...- .- ...-- ..-. -- ..-,msg002_wpm15_clean.npy,msg002_wpm15_snr-10db_tone700.npy,msg002_wpm15_snr-10db_tone700.wav,2,15,-10,-10.003807,700,8000,5.0,AWGN,42,2,2,7
msg002_wpm20_snr+40db,CQ TEST DE VA3FMU VA3FMU,-.-. --.- / - . ... - / -.. . / ...- .- ...-- ..-. -- ..- / ...- .- ...-- ..-. -- ..-,msg002_wpm20_clean.npy,msg002_wpm20_snr+40db_tone700.npy,msg002_wpm20_snr+40db_tone700.wav,2,20,40,39.97606,700,8000,5.0,AWGN,42,2,3,0
msg002_wpm20_snr+30db,CQ TEST DE VA3FMU VA3FMU,-.-. --.- / - . ... - / -.. . / ...- .- ...-- ..-. -- ..- / ...- .- ...-- ..-. -- ..-,msg002_wpm20_clean.npy,msg002_wpm20_snr+30db_tone700.npy,msg002_wpm20_snr+30db_tone700.wav,2,20,30,29.984661,700,8000,5.0,AWGN,42,2,3,1
msg002_wpm20_snr+20db,CQ TEST DE VA3FMU VA3FMU,-.-. --.- / - . ... - / -.. . / ...- .- ...-- ..-. -- ..- / ...- .- ...-- ..-. -- ..-,msg002_wpm20_clean.npy,msg002_wpm20_snr+20db_tone700.npy,msg002_wpm20_snr+20db_tone700.wav,2,20,20,19.981852,700,8000,5.0,AWGN,42,2,3,2
msg002_wpm20_snr+10db,CQ TEST DE VA3FMU VA3FMU,-.-. --.- / - . ... - / -.. . / ...- .- ...-- ..-. -- ..- / ...- .- ...-- ..-. -- ..-,msg002_wpm20_clean.npy,msg002_wpm20_snr+10db_tone700.npy,msg002_wpm20_snr+10db_tone700.wav,2,20,10,10.033036,700,8000,5.0,AWGN,42,2,3,3
msg002_wpm20_snr+05db,CQ TEST DE VA3FMU VA3FMU,-.-. --.- / - . ... - / -.. . / ...- .- ...-- ..-. -- ..- / ...- .- ...-- ..-. -- ..-,msg002_wpm20_clean.npy,msg002_wpm20_snr+05db_tone700.npy,msg002_wpm20_snr+05db_tone700.wav,2,20,5,4.962247,700,8000,5.0,AWGN,42,2,3,4
msg002_wpm20_snr+00db,CQ TEST DE VA3FMU VA3FMU,-.-. --.- / - . ... - / -.. . / ...- .- ...-- ..-. -- ..- / ...- .- ...-- ..-. -- ..-,msg002_wpm20_clean.npy,msg002_wpm20_snr+00db_tone700.npy,msg002_wpm20_snr+00db_tone700.wav,2,20,0,0.01451483,700,8000,5.0,AWGN,42,2,3,5
msg002_wpm20_snr-05db,CQ TEST DE VA3FMU VA3FMU,-.-. --.- / - . ... - / -.. . / ...- .- ...-- ..-. -- ..- / ...- .- ...-- ..-. -- ..-,msg002_wpm20_clean.npy,msg002_wpm20_snr-05db_tone700.npy,msg002_wpm20_snr-05db_tone700.wav,2,20,-5,-4.9688015,700,8000,5.0,AWGN,42,2,3,6
msg002_wpm20_snr-10db,CQ TEST DE VA3FMU VA3FMU,-.-. --.- / - . ... - / -.. . / ...- .- ...-- ..-. -- ..- / ...- .- ...-- ..-. -- ..-,msg002_wpm20_clean.npy,msg002_wpm20_snr-10db_tone700.npy,msg002_wpm20_snr-10db_tone700.wav,2,20,-10,-9.977221,700,8000,5.0,AWGN,42,2,3,7
msg002_wpm25_snr+40db,CQ TEST DE VA3FMU VA3FMU,-.-. --.- / - . ... - / -.. . / ...- .- ...-- ..-. -- ..- / ...- .- ...-- ..-. -- ..-,msg002_wpm25_clean.npy,msg002_wpm25_snr+40db_tone700.npy,msg002_wpm25_snr+40db_tone700.wav,2,25,40,40.049824,700,8000,5.0,AWGN,42,2,4,0
msg002_wpm25_snr+30db,CQ TEST DE VA3FMU VA3FMU,-.-. --.- / - . ... - / -.. . / ...- .- ...-- ..-. -- ..- / ...- .- ...-- ..-. -- ..-,msg002_wpm25_clean.npy,msg002_wpm25_snr+30db_tone700.npy,msg002_wpm25_snr+30db_tone700.wav,2,25,30,30.036661,700,8000,5.0,AWGN,42,2,4,1
msg002_wpm25_snr+20db,CQ TEST DE VA3FMU VA3FMU,-.-. --.- / - . ... - / -.. . / ...- .- ...-- ..-. -- ..- / ...- .- ...-- ..-. -- ..-,msg002_wpm25_clean.npy,msg002_wpm25_snr+20db_tone700.npy,msg002_wpm25_snr+20db_tone700.wav,2,25,20,19.95608,700,8000,5.0,AWGN,42,2,4,2
msg002_wpm25_snr+10db,CQ TEST DE VA3FMU VA3FMU,-.-. --.- / - . ... - / -.. . / ...- .- ...-- ..-. -- ..- / ...- .- ...-- ..-. -- ..-,msg002_wpm25_clean.npy,msg002_wpm25_snr+10db_tone700.npy,msg002_wpm25_snr+10db_tone700.wav,2,25,10,9.926919,700,8000,5.0,AWGN,42,2,4,3
msg002_wpm25_snr+05db,CQ TEST DE VA3FMU VA3FMU,-.-. --.- / - . ... - / -.. . / ...- .- ...-- ..-. -- ..- / ...- .- ...-- ..-. -- ..-,msg002_wpm25_clean.npy,msg002_wpm25_snr+05db_tone700.npy,msg002_wpm25_snr+05db_tone700.wav,2,25,5,5.016169,700,8000,5.0,AWGN,42,2,4,4
msg002_wpm25_snr+00db,CQ TEST DE VA3FMU VA3FMU,-.-. --.- / - . ... - / -.. . / ...- .- ...-- ..-. -- ..- / ...- .- ...-- ..-. -- ..-,msg002_wpm25_clean.npy,msg002_wpm25_snr+00db_tone700.npy,msg002_wpm25_snr+00db_tone700.wav,2,25,0,-0.028431525,700,8000,5.0,AWGN,42,2,4,5
msg002_wpm25_snr-05db,CQ TEST DE VA3FMU VA3FMU,-.-. --.- / - . ... - / -.. . / ...- .- ...-- ..-. -- ..- / ...- .- ...-- ..-. -- ..-,msg002_wpm25_clean.npy,msg002_wpm25_snr-05db_tone700.npy,msg002_wpm25_snr-05db_tone700.wav,2,25,-5,-4.953638,700,8000,5.0,AWGN,42,2,4,6
msg002_wpm25_snr-10db,CQ TEST DE VA3FMU VA3FMU,-.-. --.- / - . ... - / -.. . / ...- .- ...-- ..-. -- ..- / ...- .- ...-- ..-. -- ..-,msg002_wpm25_clean.npy,msg002_wpm25_snr-10db_tone700.npy,msg002_wpm25_snr-10db_tone700.wav,2,25,-10,-9.940905,700,8000,5.0,AWGN,42,2,4,7
msg002_wpm30_snr+40db,CQ TEST DE VA3FMU VA3FMU,-.-. --.- / - . ... - / -.. . / ...- .- ...-- ..-. -- ..- / ...- .- ...-- ..-. -- ..-,msg002_wpm30_clean.npy,msg002_wpm30_snr+40db_tone700.npy,msg002_wpm30_snr+40db_tone700.wav,2,30,40,39.977463,700,8000,5.0,AWGN,42,2,5,0
msg002_wpm30_snr+30db,CQ TEST DE VA3FMU VA3FMU,-.-. --.- / - . ... - / -.. . / ...- .- ...-- ..-. -- ..- / ...- .- ...-- ..-. -- ..-,msg002_wpm30_clean.npy,msg002_wpm30_snr+30db_tone700.npy,msg002_wpm30_snr+30db_tone700.wav,2,30,30,29.981766,700,8000,5.0,AWGN,42,2,5,1
msg002_wpm30_snr+20db,CQ TEST DE VA3FMU VA3FMU,-.-. --.- / - . ... - / -.. . / ...- .- ...-- ..-. -- ..- / ...- .- ...-- ..-. -- ..-,msg002_wpm30_clean.npy,msg002_wpm30_snr+20db_tone700.npy,msg002_wpm30_snr+20db_tone700.wav,2,30,20,19.992619,700,8000,5.0,AWGN,42,2,5,2
msg002_wpm30_snr+10db,CQ TEST DE VA3FMU VA3FMU,-.-. --.- / - . ... - / -.. . / ...- .- ...-- ..-. -- ..- / ...- .- ...-- ..-. -- ..-,msg002_wpm30_clean.npy,msg002_wpm30_snr+10db_tone700.npy,msg002_wpm30_snr+10db_tone700.wav,2,30,10,9.989511,700,8000,5.0,AWGN,42,2,5,3
msg002_wpm30_snr+05db,CQ TEST DE VA3FMU VA3FMU,-.-. --.- / - . ... - / -.. . / ...- .- ...-- ..-. -- ..- / ...- .- ...-- ..-. -- ..-,msg002_wpm30_clean.npy,msg002_wpm30_snr+05db_tone700.npy,msg002_wpm30_snr+05db_tone700.wav,2,30,5,5.041403,700,8000,5.0,AWGN,42,2,5,4
msg002_wpm30_snr+00db,CQ TEST DE VA3FMU VA3FMU,-.-. --.- / - . ... - / -.. . / ...- .- ...-- ..-. -- ..- / ...- .- ...-- ..-. -- ..-,msg002_wpm30_clean.npy,msg002_wpm30_snr+00db_tone700.npy,msg002_wpm30_snr+00db_tone700.wav,2,30,0,-0.01607565,700,8000,5.0,AWGN,42,2,5,5
msg002_wpm30_snr-05db,CQ TEST DE VA3FMU VA3FMU,-.-. --.- / - . ... - / -.. . / ...- .- ...-- ..-. -- ..- / ...- .- ...-- ..-. -- ..-,msg002_wpm30_clean.npy,msg002_wpm30_snr-05db_tone700.npy,msg002_wpm30_snr-05db_tone700.wav,2,30,-5,-5.0074,700,8000,5.0,AWGN,42,2,5,6
msg002_wpm30_snr-10db,CQ TEST DE VA3FMU VA3FMU,-.-. --.- / - . ... - / -.. . / ...- .- ...-- ..-. -- ..- / ...- .- ...-- ..-. -- ..-,msg002_wpm30_clean.npy,msg002_wpm30_snr-10db_tone700.npy,msg002_wpm30_snr-10db_tone700.wav,2,30,-10,-10.057676,700,8000,5.0,AWGN,42,2,5,7
msg003_wpm05_snr+40db,VA3PARC DE VA3FMU VA3FMU K,...- .- ...-- .--. .- .-. -.-. / -.. . / ...- .- ...-- ..-. -- ..- / ...- .- ...-- ..-. -- ..- / -.-,msg003_wpm05_clean.npy,msg003_wpm05_snr+40db_tone700.npy,msg003_wpm05_snr+40db_tone700.wav,3,5,40,40.018677,700,8000,5.0,AWGN,42,3,0,0
msg003_wpm05_snr+30db,VA3PARC DE VA3FMU VA3FMU K,...- .- ...-- .--. .- .-. -.-. / -.. . / ...- .- ...-- ..-. -- ..- / ...- .- ...-- ..-. -- ..- / -.-,msg003_wpm05_clean.npy,msg003_wpm05_snr+30db_tone700.npy,msg003_wpm05_snr+30db_tone700.wav,3,5,30,30.003283,700,8000,5.0,AWGN,42,3,0,1
msg003_wpm05_snr+20db,VA3PARC DE VA3FMU VA3FMU K,...- .- ...-- .--. .- .-. -.-. / -.. . / ...- .- ...-- ..-. -- ..- / ...- .- ...-- ..-. -- ..- / -.-,msg003_wpm05_clean.npy,msg003_wpm05_snr+20db_tone700.npy,msg003_wpm05_snr+20db_tone700.wav,3,5,20,19.977839,700,8000,5.0,AWGN,42,3,0,2
msg003_wpm05_snr+10db,VA3PARC DE VA3FMU VA3FMU K,...- .- ...-- .--. .- .-. -.-. / -.. . / ...- .- ...-- ..-. -- ..- / ...- .- ...-- ..-. -- ..- / -.-,msg003_wpm05_clean.npy,msg003_wpm05_snr+10db_tone700.npy,msg003_wpm05_snr+10db_tone700.wav,3,5,10,9.975881,700,8000,5.0,AWGN,42,3,0,3
msg003_wpm05_snr+05db,VA3PARC DE VA3FMU VA3FMU K,...- .- ...-- .--. .- .-. -.-. / -.. . / ...- .- ...-- ..-. -- ..- / ...- .- ...-- ..-. -- ..- / -.-,msg003_wpm05_clean.npy,msg003_wpm05_snr+05db_tone700.npy,msg003_wpm05_snr+05db_tone700.wav,3,5,5,4.981462,700,8000,5.0,AWGN,42,3,0,4
msg003_wpm05_snr+00db,VA3PARC DE VA3FMU VA3FMU K,...- .- ...-- .--. .- .-. -.-. / -.. . / ...- .- ...-- ..-. -- ..- / ...- .- ...-- ..-. -- ..- / -.-,msg003_wpm05_clean.npy,msg003_wpm05_snr+00db_tone700.npy,msg003_wpm05_snr+00db_tone700.wav,3,5,0,-0.009474755,700,8000,5.0,AWGN,42,3,0,5
msg003_wpm05_snr-05db,VA3PARC DE VA3FMU VA3FMU K,...- .- ...-- .--. .- .-. -.-. / -.. . / ...- .- ...-- ..-. -- ..- / ...- .- ...-- ..-. -- ..- / -.-,msg003_wpm05_clean.npy,msg003_wpm05_snr-05db_tone700.npy,msg003_wpm05_snr-05db_tone700.wav,3,5,-5,-4.983693,700,8000,5.0,AWGN,42,3,0,6
msg003_wpm05_snr-10db,VA3PARC DE VA3FMU VA3FMU K,...- .- ...-- .--. .- .-. -.-. / -.. . / ...- .- ...-- ..-. -- ..- / ...- .- ...-- ..-. -- ..- / -.-,msg003_wpm05_clean.npy,msg003_wpm05_snr-10db_tone700.npy,msg003_wpm05_snr-10db_tone700.wav,3,5,-10,-9.981615,700,8000,5.0,AWGN,42,3,0,7
msg003_wpm10_snr+40db,VA3PARC DE VA3FMU VA3FMU K,...- .- ...-- .--. .- .-. -.-. / -.. . / ...- .- ...-- ..-. -- ..- / ...- .- ...-- ..-. -- ..- / -.-,msg003_wpm10_clean.npy,msg003_wpm10_snr+40db_tone700.npy,msg003_wpm10_snr+40db_tone700.wav,3,10,40,40.02634,700,8000,5.0,AWGN,42,3,1,0
msg003_wpm10_snr+30db,VA3PARC DE VA3FMU VA3FMU K,...- .- ...-- .--. .- .-. -.-. / -.. . / ...- .- ...-- ..-. -- ..- / ...- .- ...-- ..-. -- ..- / -.-,msg003_wpm10_clean.npy,msg003_wpm10_snr+30db_tone700.npy,msg003_wpm10_snr+30db_tone700.wav,3,10,30,29.984116,700,8000,5.0,AWGN,42,3,1,1
msg003_wpm10_snr+20db,VA3PARC DE VA3FMU VA3FMU K,...- .- ...-- .--. .- .-. -.-. / -.. . / ...- .- ...-- ..-. -- ..- / ...- .- ...-- ..-. -- ..- / -.-,msg003_wpm10_clean.npy,msg003_wpm10_snr+20db_tone700.npy,msg003_wpm10_snr+20db_tone700.wav,3,10,20,20.004646,700,8000,5.0,AWGN,42,3,1,2
msg003_wpm10_snr+10db,VA3PARC DE VA3FMU VA3FMU K,...- .- ...-- .--. .- .-. -.-. / -.. . / ...- .- ...-- ..-. -- ..- / ...- .- ...-- ..-. -- ..- / -.-,msg003_wpm10_clean.npy,msg003_wpm10_snr+10db_tone700.npy,msg003_wpm10_snr+10db_tone700.wav,3,10,10,9.986633,700,8000,5.0,AWGN,42,3,1,3
msg003_wpm10_snr+05db,VA3PARC DE VA3FMU VA3FMU K,...- .- ...-- .--. .- .-. -.-. / -.. . / ...- .- ...-- ..-. -- ..- / ...- .- ...-- ..-. -- ..- / -.-,msg003_wpm10_clean.npy,msg003_wpm10_snr+05db_tone700.npy,msg003_wpm10_snr+05db_tone700.wav,3,10,5,4.9680877,700,8000,5.0,AWGN,42,3,1,4
msg003_wpm10_snr+00db,VA3PARC DE VA3FMU VA3FMU K,...- .- ...-- .--. .- .-. -.-. / -.. . / ...- .- ...-- ..-. -- ..- / ...- .- ...-- ..-. -- ..- / -.-,msg003_wpm10_clean.npy,msg003_wpm10_snr+00db_tone700.npy,msg003_wpm10_snr+00db_tone700.wav,3,10,0,0.008502977,700,8000,5.0,AWGN,42,3,1,5
msg003_wpm10_snr-05db,VA3PARC DE VA3FMU VA3FMU K,...- .- ...-- .--. .- .-. -.-. / -.. . / ...- .- ...-- ..-. -- ..- / ...- .- ...-- ..-. -- ..- / -.-,msg003_wpm10_clean.npy,msg003_wpm10_snr-05db_tone700.npy,msg003_wpm10_snr-05db_tone700.wav,3,10,-5,-4.9958553,700,8000,5.0,AWGN,42,3,1,6
msg003_wpm10_snr-10db,VA3PARC DE VA3FMU VA3FMU K,...- .- ...-- .--. .- .-. -.-. / -.. . / ...- .- ...-- ..-. -- ..- / ...- .- ...-- ..-. -- ..- / -.-,msg003_wpm10_clean.npy,msg003_wpm10_snr-10db_tone700.npy,msg003_wpm10_snr-10db_tone700.wav,3,10,-10,-10.03015,700,8000,5.0,AWGN,42,3,1,7
msg003_wpm15_snr+40db,VA3PARC DE VA3FMU VA3FMU K,...- .- ...-- .--. .- .-. -.-. / -.. . / ...- .- ...-- ..-. -- ..- / ...- .- ...-- ..-. -- ..- / -.-,msg003_wpm15_clean.npy,msg003_wpm15_snr+40db_tone700.npy,msg003_wpm15_snr+40db_tone700.wav,3,15,40,39.984356,700,8000,5.0,AWGN,42,3,2,0
msg003_wpm15_snr+30db,VA3PARC DE VA3FMU VA3FMU K,...- .- ...-- .--. .- .-. -.-. / -.. . / ...- .- ...-- ..-. -- ..- / ...- .- ...-- ..-. -- ..- / -.-,msg003_wpm15_clean.npy,msg003_wpm15_snr+30db_tone700.npy,msg003_wpm15_snr+30db_tone700.wav,3,15,30,29.985933,700,8000,5.0,AWGN,42,3,2,1
msg003_wpm15_snr+20db,VA3PARC DE VA3FMU VA3FMU K,...- .- ...-- .--. .- .-. -.-. / -.. . / ...- .- ...-- ..-. -- ..- / ...- .- ...-- ..-. -- ..- / -.-,msg003_wpm15_clean.npy,msg003_wpm15_snr+20db_tone700.npy,msg003_wpm15_snr+20db_tone700.wav,3,15,20,19.978544,700,8000,5.0,AWGN,42,3,2,2
msg003_wpm15_snr+10db,VA3PARC DE VA3FMU VA3FMU K,...- .- ...-- .--. .- .-. -.-. / -.. . / ...- .- ...-- ..-. -- ..- / ...- .- ...-- ..-. -- ..- / -.-,msg003_wpm15_clean.npy,msg003_wpm15_snr+10db_tone700.npy,msg003_wpm15_snr+10db_tone700.wav,3,15,10,10.017803,700,8000,5.0,AWGN,42,3,2,3
msg003_wpm15_snr+05db,VA3PARC DE VA3FMU VA3FMU K,...- .- ...-- .--. .- .-. -.-. / -.. . / ...- .- ...-- ..-. -- ..- / ...- .- ...-- ..-. -- ..- / -.-,msg003_wpm15_clean.npy,msg003_wpm15_snr+05db_tone700.npy,msg003_wpm15_snr+05db_tone700.wav,3,15,5,4.986399,700,8000,5.0,AWGN,42,3,2,4
msg003_wpm15_snr+00db,VA3PARC DE VA3FMU VA3FMU K,...- .- ...-- .--. .- .-. -.-. / -.. . / ...- .- ...-- ..-. -- ..- / ...- .- ...-- ..-. -- ..- / -.-,msg003_wpm15_clean.npy,msg003_wpm15_snr+00db_tone700.npy,msg003_wpm15_snr+00db_tone700.wav,3,15,0,0.005224269,700,8000,5.0,AWGN,42,3,2,5
msg003_wpm15_snr-05db,VA3PARC DE VA3FMU VA3FMU K,...- .- ...-- .--. .- .-. -.-. / -.. . / ...- .- ...-- ..-. -- ..- / ...- .- ...-- ..-. -- ..- / -.-,msg003_wpm15_clean.npy,msg003_wpm15_snr-05db_tone700.npy,msg003_wpm15_snr-05db_tone700.wav,3,15,-5,-5.010851,700,8000,5.0,AWGN,42,3,2,6
msg003_wpm15_snr-10db,VA3PARC DE VA3FMU VA3FMU K,...- .- ...-- .--. .- .-. -.-. / -.. . / ...- .- ...-- ..-. -- ..- / ...- .- ...-- ..-. -- ..- / -.-,msg003_wpm15_clean.npy,msg003_wpm15_snr-10db_tone700.npy,msg003_wpm15_snr-10db_tone700.wav,3,15,-10,-9.995979,700,8000,5.0,AWGN,42,3,2,7
msg003_wpm20_snr+40db,VA3PARC DE VA3FMU VA3FMU K,...- .- ...-- .--. .- .-. -.-. / -.. . / ...- .- ...-- ..-. -- ..- / ...- .- ...-- ..-. -- ..- / -.-,msg003_wpm20_clean.npy,msg003_wpm20_snr+40db_tone700.npy,msg003_wpm20_snr+40db_tone700.wav,3,20,40,40.00711,700,8000,5.0,AWGN,42,3,3,0
msg003_wpm20_snr+30db,VA3PARC DE VA3FMU VA3FMU K,...- .- ...-- .--. .- .-. -.-. / -.. . / ...- .- ...-- ..-. -- ..- / ...- .- ...-- ..-. -- ..- / -.-,msg003_wpm20_clean.npy,msg003_wpm20_snr+30db_tone700.npy,msg003_wpm20_snr+30db_tone700.wav,3,20,30,29.9674,700,8000,5.0,AWGN,42,3,3,1
msg003_wpm20_snr+20db,VA3PARC DE VA3FMU VA3FMU K,...- .- ...-- .--. .- .-. -.-. / -.. . / ...- .- ...-- ..-. -- ..- / ...- .- ...-- ..-. -- ..- / -.-,msg003_wpm20_clean.npy,msg003_wpm20_snr+20db_tone700.npy,msg003_wpm20_snr+20db_tone700.wav,3,20,20,19.987772,700,8000,5.0,AWGN,42,3,3,2
msg003_wpm20_snr+10db,VA3PARC DE VA3FMU VA3FMU K,...- .- ...-- .--. .- .-. -.-. / -.. . / ...- .- ...-- ..-. -- ..- / ...- .- ...-- ..-. -- ..- / -.-,msg003_wpm20_clean.npy,msg003_wpm20_snr+10db_tone700.npy,msg003_wpm20_snr+10db_tone700.wav,3,20,10,10.016179,700,8000,5.0,AWGN,42,3,3,3
msg003_wpm20_snr+05db,VA3PARC DE VA3FMU VA3FMU K,...- .- ...-- .--. .- .-. -.-. / -.. . / ...- .- ...-- ..-. -- ..- / ...- .- ...-- ..-. -- ..- / -.-,msg003_wpm20_clean.npy,msg003_wpm20_snr+05db_tone700.npy,msg003_wpm20_snr+05db_tone700.wav,3,20,5,5.0001144,700,8000,5.0,AWGN,42,3,3,4
msg003_wpm20_snr+00db,VA3PARC DE VA3FMU VA3FMU K,...- .- ...-- .--. .- .-. -.-. / -.. . / ...- .- ...-- ..-. -- ..- / ...- .- ...-- ..-. -- ..- / -.-,msg003_wpm20_clean.npy,msg003_wpm20_snr+00db_tone700.npy,msg003_wpm20_snr+00db_tone700.wav,3,20,0,-0.011728187,700,8000,5.0,AWGN,42,3,3,5
msg003_wpm20_snr-05db,VA3PARC DE VA3FMU VA3FMU K,...- .- ...-- .--. .- .-. -.-. / -.. . / ...- .- ...-- ..-. -- ..- / ...- .- ...-- ..-. -- ..- / -.-,msg003_wpm20_clean.npy,msg003_wpm20_snr-05db_tone700.npy,msg003_wpm20_snr-05db_tone700.wav,3,20,-5,-5.0017195,700,8000,5.0,AWGN,42,3,3,6
msg003_wpm20_snr-10db,VA3PARC DE VA3FMU VA3FMU K,...- .- ...-- .--. .- .-. -.-. / -.. . / ...- .- ...-- ..-. -- ..- / ...- .- ...-- ..-. -- ..- / -.-,msg003_wpm20_clean.npy,msg003_wpm20_snr-10db_tone700.npy,msg003_wpm20_snr-10db_tone700.wav,3,20,-10,-10.021649,700,8000,5.0,AWGN,42,3,3,7
msg003_wpm25_snr+40db,VA3PARC DE VA3FMU VA3FMU K,...- .- ...-- .--. .- .-. -.-. / -.. . / ...- .- ...-- ..-. -- ..- / ...- .- ...-- ..-. -- ..- / -.-,msg003_wpm25_clean.npy,msg003_wpm25_snr+40db_tone700.npy,msg003_wpm25_snr+40db_tone700.wav,3,25,40,39.945522,700,8000,5.0,AWGN,42,3,4,0
msg003_wpm25_snr+30db,VA3PARC DE VA3FMU VA3FMU K,...- .- ...-- .--. .- .-. -.-. / -.. . / ...- .- ...-- ..-. -- ..- / ...- .- ...-- ..-. -- ..- / -.-,msg003_wpm25_clean.npy,msg003_wpm25_snr+30db_tone700.npy,msg003_wpm25_snr+30db_tone700.wav,3,25,30,30.00401,700,8000,5.0,AWGN,42,3,4,1
msg003_wpm25_snr+20db,VA3PARC DE VA3FMU VA3FMU K,...- .- ...-- .--. .- .-. -.-. / -.. . / ...- .- ...-- ..-. -- ..- / ...- .- ...-- ..-. -- ..- / -.-,msg003_wpm25_clean.npy,msg003_wpm25_snr+20db_tone700.npy,msg003_wpm25_snr+20db_tone700.wav,3,25,20,19.959429,700,8000,5.0,AWGN,42,3,4,2
msg003_wpm25_snr+10db,VA3PARC DE VA3FMU VA3FMU K,...- .- ...-- .--. .- .-. -.-. / -.. . / ...- .- ...-- ..-. -- ..- / ...- .- ...-- ..-. -- ..- / -.-,msg003_wpm25_clean.npy,msg003_wpm25_snr+10db_tone700.npy,msg003_wpm25_snr+10db_tone700.wav,3,25,10,9.985981,700,8000,5.0,AWGN,42,3,4,3
msg003_wpm25_snr+05db,VA3PARC DE VA3FMU VA3FMU K,...- .- ...-- .--. .- .-. -.-. / -.. . / ...- .- ...-- ..-. -- ..- / ...- .- ...-- ..-. -- ..- / -.-,msg003_wpm25_clean.npy,msg003_wpm25_snr+05db_tone700.npy,msg003_wpm25_snr+05db_tone700.wav,3,25,5,4.982583,700,8000,5.0,AWGN,42,3,4,4
msg003_wpm25_snr+00db,VA3PARC DE VA3FMU VA3FMU K,...- .- ...-- .--. .- .-. -.-. / -.. . / ...- .- ...-- ..-. -- ..- / ...- .- ...-- ..-. -- ..- / -.-,msg003_wpm25_clean.npy,msg003_wpm25_snr+00db_tone700.npy,msg003_wpm25_snr+00db_tone700.wav,3,25,0,-0.0098032,700,8000,5.0,AWGN,42,3,4,5
msg003_wpm25_snr-05db,VA3PARC DE VA3FMU VA3FMU K,...- .- ...-- .--. .- .-. -.-. / -.. . / ...- .- ...-- ..-. -- ..- / ...- .- ...-- ..-. -- ..- / -.-,msg003_wpm25_clean.npy,msg003_wpm25_snr-05db_tone700.npy,msg003_wpm25_snr-05db_tone700.wav,3,25,-5,-4.9727626,700,8000,5.0,AWGN,42,3,4,6
msg003_wpm25_snr-10db,VA3PARC DE VA3FMU VA3FMU K,...- .- ...-- .--. .- .-. -.-. / -.. . / ...- .- ...-- ..-. -- ..- / ...- .- ...-- ..-. -- ..- / -.-,msg003_wpm25_clean.npy,msg003_wpm25_snr-10db_tone700.npy,msg003_wpm25_snr-10db_tone700.wav,3,25,-10,-9.994802,700,8000,5.0,AWGN,42,3,4,7
msg003_wpm30_snr+40db,VA3PARC DE VA3FMU VA3FMU K,...- .- ...-- .--. .- .-. -.-. / -.. . / ...- .- ...-- ..-. -- ..- / ...- .- ...-- ..-. -- ..- / -.-,msg003_wpm30_clean.npy,msg003_wpm30_snr+40db_tone700.npy,msg003_wpm30_snr+40db_tone700.wav,3,30,40,39.985207,700,8000,5.0,AWGN,42,3,5,0
msg003_wpm30_snr+30db,VA3PARC DE VA3FMU VA3FMU K,...- .- ...-- .--. .- .-. -.-. / -.. . / ...- .- ...-- ..-. -- ..- / ...- .- ...-- ..-. -- ..- / -.-,msg003_wpm30_clean.npy,msg003_wpm30_snr+30db_tone700.npy,msg003_wpm30_snr+30db_tone700.wav,3,30,30,29.958912,700,8000,5.0,AWGN,42,3,5,1
msg003_wpm30_snr+20db,VA3PARC DE VA3FMU VA3FMU K,...- .- ...-- .--. .- .-. -.-. / -.. . / ...- .- ...-- ..-. -- ..- / ...- .- ...-- ..-. -- ..- / -.-,msg003_wpm30_clean.npy,msg003_wpm30_snr+20db_tone700.npy,msg003_wpm30_snr+20db_tone700.wav,3,30,20,20.050203,700,8000,5.0,AWGN,42,3,5,2
msg003_wpm30_snr+10db,VA3PARC DE VA3FMU VA3FMU K,...- .- ...-- .--. .- .-. -.-. / -.. . / ...- .- ...-- ..-. -- ..- / ...- .- ...-- ..-. -- ..- / -.-,msg003_wpm30_clean.npy,msg003_wpm30_snr+10db_tone700.npy,msg003_wpm30_snr+10db_tone700.wav,3,30,10,9.991528,700,8000,5.0,AWGN,42,3,5,3
msg003_wpm30_snr+05db,VA3PARC DE VA3FMU VA3FMU K,...- .- ...-- .--. .- .-. -.-. / -.. . / ...- .- ...-- ..-. -- ..- / ...- .- ...-- ..-. -- ..- / -.-,msg003_wpm30_clean.npy,msg003_wpm30_snr+05db_tone700.npy,msg003_wpm30_snr+05db_tone700.wav,3,30,5,4.9681363,700,8000,5.0,AWGN,42,3,5,4
msg003_wpm30_snr+00db,VA3PARC DE VA3FMU VA3FMU K,...- .- ...-- .--. .- .-. -.-. / -.. . / ...- .- ...-- ..-. -- ..- / ...- .- ...-- ..-. -- ..- / -.-,msg003_wpm30_clean.npy,msg003_wpm30_snr+00db_tone700.npy,msg003_wpm30_snr+00db_tone700.wav,3,30,0,0.023496695,700,8000,5.0,AWGN,42,3,5,5
msg003_wpm30_snr-05db,VA3PARC DE VA3FMU VA3FMU K,...- .- ...-- .--. .- .-. -.-. / -.. . / ...- .- ...-- ..-. -- ..- / ...- .- ...-- ..-. -- ..- / -.-,msg003_wpm30_clean.npy,msg003_wpm30_snr-05db_tone700.npy,msg003_wpm30_snr-05db_tone700.wav,3,30,-5,-4.990659,700,8000,5.0,AWGN,42,3,5,6
msg003_wpm30_snr-10db,VA3PARC DE VA3FMU VA3FMU K,...- .- ...-- .--. .- .-. -.-. / -.. . / ...- .- ...-- ..-. -- ..- / ...- .- ...-- ..-. -- ..- / -.-,msg003_wpm30_clean.npy,msg003_wpm30_snr-10db_tone700.npy,msg003_wpm30_snr-10db_tone700.wav,3,30,-10,-10.001427,700,8000,5.0,AWGN,42,3,5,7
msg004_wpm05_snr+40db,VA3PARC DE VA3FMU GE TNX FER CALL UR RST 579 579 QTH ONCA ONCA K,...- .- ...-- .--. .- .-. -.-. / -.. . / ...- .- ...-- ..-. -- ..- / --. . / - -. -..- / ..-. . .-. / -.-. .- .-.. .-.. / ..- .-. / .-. ... - / ..... --... ----. / ..... --... ----. / --.- - .... / --- -. -.-. .- / --- -. -.-. .- / -.-,msg004_wpm05_clean.npy,msg004_wpm05_snr+40db_tone700.npy,msg004_wpm05_snr+40db_tone700.wav,4,5,40,39.998272,700,8000,5.0,AWGN,42,4,0,0
msg004_wpm05_snr+30db,VA3PARC DE VA3FMU GE TNX FER CALL UR RST 579 579 QTH ONCA ONCA K,...- .- ...-- .--. .- .-. -.-. / -.. . / ...- .- ...-- ..-. -- ..- / --. . / - -. -..- / ..-. . .-. / -.-. .- .-.. .-.. / ..- .-. / .-. ... - / ..... --... ----. / ..... --... ----. / --.- - .... / --- -. -.-. .- / --- -. -.-. .- / -.-,msg004_wpm05_clean.npy,msg004_wpm05_snr+30db_tone700.npy,msg004_wpm05_snr+30db_tone700.wav,4,5,30,29.9982,700,8000,5.0,AWGN,42,4,0,1
msg004_wpm05_snr+20db,VA3PARC DE VA3FMU GE TNX FER CALL UR RST 579 579 QTH ONCA ONCA K,...- .- ...-- .--. .- .-. -.-. / -.. . / ...- .- ...-- ..-. -- ..- / --. . / - -. -..- / ..-. . .-. / -.-. .- .-.. .-.. / ..- .-. / .-. ... - / ..... --... ----. / ..... --... ----. / --.- - .... / --- -. -.-. .- / --- -. -.-. .- / -.-,msg004_wpm05_clean.npy,msg004_wpm05_snr+20db_tone700.npy,msg004_wpm05_snr+20db_tone700.wav,4,5,20,20.012953,700,8000,5.0,AWGN,42,4,0,2
msg004_wpm05_snr+10db,VA3PARC DE VA3FMU GE TNX FER CALL UR RST 579 579 QTH ONCA ONCA K,...- .- ...-- .--. .- .-. -.-. / -.. . / ...- .- ...-- ..-. -- ..- / --. . / - -. -..- / ..-. . .-. / -.-. .- .-.. .-.. / ..- .-. / .-. ... - / ..... --... ----. / ..... --... ----. / --.- - .... / --- -. -.-. .- / --- -. -.-. .- / -.-,msg004_wpm05_clean.npy,msg004_wpm05_snr+10db_tone700.npy,msg004_wpm05_snr+10db_tone700.wav,4,5,10,10.017737,700,8000,5.0,AWGN,42,4,0,3
msg004_wpm05_snr+05db,VA3PARC DE VA3FMU GE TNX FER CALL UR RST 579 579 QTH ONCA ONCA K,...- .- ...-- .--. .- .-. -.-. / -.. . / ...- .- ...-- ..-. -- ..- / --. . / - -. -..- / ..-. . .-. / -.-. .- .-.. .-.. / ..- .-. / .-. ... - / ..... --... ----. / ..... --... ----. / --.- - .... / --- -. -.-. .- / --- -. -.-. .- / -.-,msg004_wpm05_clean.npy,msg004_wpm05_snr+05db_tone700.npy,msg004_wpm05_snr+05db_tone700.wav,4,5,5,5.006108,700,8000,5.0,AWGN,42,4,0,4
msg004_wpm05_snr+00db,VA3PARC DE VA3FMU GE TNX FER CALL UR RST 579 579 QTH ONCA ONCA K,...- .- ...-- .--. .- .-. -.-. / -.. . / ...- .- ...-- ..-. -- ..- / --. . / - -. -..- / ..-. . .-. / -.-. .- .-.. .-.. / ..- .-. / .-. ... - / ..... --... ----. / ..... --... ----. / --.- - .... / --- -. -.-. .- / --- -. -.-. .- / -.-,msg004_wpm05_clean.npy,msg004_wpm05_snr+00db_tone700.npy,msg004_wpm05_snr+00db_tone700.wav,4,5,0,-0.008970722,700,8000,5.0,AWGN,42,4,0,5
msg004_wpm05_snr-05db,VA3PARC DE VA3FMU GE TNX FER CALL UR RST 579 579 QTH ONCA ONCA K,...- .- ...-- .--. .- .-. -.-. / -.. . / ...- .- ...-- ..-. -- ..- / --. . / - -. -..- / ..-. . .-. / -.-. .- .-.. .-.. / ..- .-. / .-. ... - / ..... --... ----. / ..... --... ----. / --.- - .... / --- -. -.-. .- / --- -. -.-. .- / -.-,msg004_wpm05_clean.npy,msg004_wpm05_snr-05db_tone700.npy,msg004_wpm05_snr-05db_tone700.wav,4,5,-5,-5.002694,700,8000,5.0,AWGN,42,4,0,6
msg004_wpm05_snr-10db,VA3PARC DE VA3FMU GE TNX FER CALL UR RST 579 579 QTH ONCA ONCA K,...- .- ...-- .--. .- .-. -.-. / -.. . / ...- .- ...-- ..-. -- ..- / --. . / - -. -..- / ..-. . .-. / -.-. .- .-.. .-.. / ..- .-. / .-. ... - / ..... --... ----. / ..... --... ----. / --.- - .... / --- -. -.-. .- / --- -. -.-. .- / -.-,msg004_wpm05_clean.npy,msg004_wpm05_snr-10db_tone700.npy,msg004_wpm05_snr-10db_tone700.wav,4,5,-10,-9.999883,700,8000,5.0,AWGN,42,4,0,7
msg004_wpm10_snr+40db,VA3PARC DE VA3FMU GE TNX FER CALL UR RST 579 579 QTH ONCA ONCA K,...- .- ...-- .--. .- .-. -.-. / -.. . / ...- .- ...-- ..-. -- ..- / --. . / - -. -..- / ..-. . .-. / -.-. .- .-.. .-.. / ..- .-. / .-. ... - / ..... --... ----. / ..... --... ----. / --.- - .... / --- -. -.-. .- / --- -. -.-. .- / -.-,msg004_wpm10_clean.npy,msg004_wpm10_snr+40db_tone700.npy,msg004_wpm10_snr+40db_tone700.wav,4,10,40,40.025314,700,8000,5.0,AWGN,42,4,1,0
msg004_wpm10_snr+30db,VA3PARC DE VA3FMU GE TNX FER CALL UR RST 579 579 QTH ONCA ONCA K,...- .- ...-- .--. .- .-. -.-. / -.. . / ...- .- ...-- ..-. -- ..- / --. . / - -. -..- / ..-. . .-. / -.-. .- .-.. .-.. / ..- .-. / .-. ... - / ..... --... ----. / ..... --... ----. / --.- - .... / --- -. -.-. .- / --- -. -.-. .- / -.-,msg004_wpm10_clean.npy,msg004_wpm10_snr+30db_tone700.npy,msg004_wpm10_snr+30db_tone700.wav,4,10,30,29.993698,700,8000,5.0,AWGN,42,4,1,1
msg004_wpm10_snr+20db,VA3PARC DE VA3FMU GE TNX FER CALL UR RST 579 579 QTH ONCA ONCA K,...- .- ...-- .--. .- .-. -.-. / -.. . / ...- .- ...-- ..-. -- ..- / --. . / - -. -..- / ..-. . .-. / -.-. .- .-.. .-.. / ..- .-. / .-. ... - / ..... --... ----. / ..... --... ----. / --.- - .... / --- -. -.-. .- / --- -. -.-. .- / -.-,msg004_wpm10_clean.npy,msg004_wpm10_snr+20db_tone700.npy,msg004_wpm10_snr+20db_tone700.wav,4,10,20,19.993536,700,8000,5.0,AWGN,42,4,1,2
msg004_wpm10_snr+10db,VA3PARC DE VA3FMU GE TNX FER CALL UR RST 579 579 QTH ONCA ONCA K,...- .- ...-- .--. .- .-. -.-. / -.. . / ...- .- ...-- ..-. -- ..- / --. . / - -. -..- / ..-. . .-. / -.-. .- .-.. .-.. / ..- .-. / .-. ... - / ..... --... ----. / ..... --... ----. / --.- - .... / --- -. -.-. .- / --- -. -.-. .- / -.-,msg004_wpm10_clean.npy,msg004_wpm10_snr+10db_tone700.npy,msg004_wpm10_snr+10db_tone700.wav,4,10,10,10.002345,700,8000,5.0,AWGN,42,4,1,3
msg004_wpm10_snr+05db,VA3PARC DE VA3FMU GE TNX FER CALL UR RST 579 579 QTH ONCA ONCA K,...- .- ...-- .--. .- .-. -.-. / -.. . / ...- .- ...-- ..-. -- ..- / --. . / - -. -..- / ..-. . .-. / -.-. .- .-.. .-.. / ..- .-. / .-. ... - / ..... --... ----. / ..... --... ----. / --.- - .... / --- -. -.-. .- / --- -. -.-. .- / -.-,msg004_wpm10_clean.npy,msg004_wpm10_snr+05db_tone700.npy,msg004_wpm10_snr+05db_tone700.wav,4,10,5,5.0028286,700,8000,5.0,AWGN,42,4,1,4
msg004_wpm10_snr+00db,VA3PARC DE VA3FMU GE TNX FER CALL UR RST 579 579 QTH ONCA ONCA K,...- .- ...-- .--. .- .-. -.-. / -.. . / ...- .- ...-- ..-. -- ..- / --. . / - -. -..- / ..-. . .-. / -.-. .- .-.. .-.. / ..- .-. / .-. ... - / ..... --... ----. / ..... --... ----. / --.- - .... / --- -. -.-. .- / --- -. -.-. .- / -.-,msg004_wpm10_clean.npy,msg004_wpm10_snr+00db_tone700.npy,msg004_wpm10_snr+00db_tone700.wav,4,10,0,0.010398361,700,8000,5.0,AWGN,42,4,1,5
msg004_wpm10_snr-05db,VA3PARC DE VA3FMU GE TNX FER CALL UR RST 579 579 QTH ONCA ONCA K,...- .- ...-- .--. .- .-. -.-. / -.. . / ...- .- ...-- ..-. -- ..- / --. . / - -. -..- / ..-. . .-. / -.-. .- .-.. .-.. / ..- .-. / .-. ... - / ..... --... ----. / ..... --... ----. / --.- - .... / --- -. -.-. .- / --- -. -.-. .- / -.-,msg004_wpm10_clean.npy,msg004_wpm10_snr-05db_tone700.npy,msg004_wpm10_snr-05db_tone700.wav,4,10,-5,-4.9831853,700,8000,5.0,AWGN,42,4,1,6
msg004_wpm10_snr-10db,VA3PARC DE VA3FMU GE TNX FER CALL UR RST 579 579 QTH ONCA ONCA K,...- .- ...-- .--. .- .-. -.-. / -.. . / ...- .- ...-- ..-. -- ..- / --. . / - -. -..- / ..-. . .-. / -.-. .- .-.. .-.. / ..- .-. / .-. ... - / ..... --... ----. / ..... --... ----. / --.- - .... / --- -. -.-. .- / --- -. -.-. .- / -.-,msg004_wpm10_clean.npy,msg004_wpm10_snr-10db_tone700.npy,msg004_wpm10_snr-10db_tone700.wav,4,10,-10,-10.006267,700,8000,5.0,AWGN,42,4,1,7
msg004_wpm15_snr+40db,VA3PARC DE VA3FMU GE TNX FER CALL UR RST 579 579 QTH ONCA ONCA K,...- .- ...-- .--. .- .-. -.-. / -.. . / ...- .- ...-- ..-. -- ..- / --. . / - -. -..- / ..-. . .-. / -.-. .- .-.. .-.. / ..- .-. / .-. ... - / ..... --... ----. / ..... --... ----. / --.- - .... / --- -. -.-. .- / --- -. -.-. .- / -.-,msg004_wpm15_clean.npy,msg004_wpm15_snr+40db_tone700.npy,msg004_wpm15_snr+40db_tone700.wav,4,15,40,39.982292,700,8000,5.0,AWGN,42,4,2,0
msg004_wpm15_snr+30db,VA3PARC DE VA3FMU GE TNX FER CALL UR RST 579 579 QTH ONCA ONCA K,...- .- ...-- .--. .- .-. -.-. / -.. . / ...- .- ...-- ..-. -- ..- / --. . / - -. -..- / ..-. . .-. / -.-. .- .-.. .-.. / ..- .-. / .-. ... - / ..... --... ----. / ..... --... ----. / --.- - .... / --- -. -.-. .- / --- -. -.-. .- / -.-,msg004_wpm15_clean.npy,msg004_wpm15_snr+30db_tone700.npy,msg004_wpm15_snr+30db_tone700.wav,4,15,30,29.997406,700,8000,5.0,AWGN,42,4,2,1
msg004_wpm15_snr+20db,VA3PARC DE VA3FMU GE TNX FER CALL UR RST 579 579 QTH ONCA ONCA K,...- .- ...-- .--. .- .-. -.-. / -.. . / ...- .- ...-- ..-. -- ..- / --. . / - -. -..- / ..-. . .-. / -.-. .- .-.. .-.. / ..- .-. / .-. ... - / ..... --... ----. / ..... --... ----. / --.- - .... / --- -. -.-. .- / --- -. -.-. .- / -.-,msg004_wpm15_clean.npy,msg004_wpm15_snr+20db_tone700.npy,msg004_wpm15_snr+20db_tone700.wav,4,15,20,19.983074,700,8000,5.0,AWGN,42,4,2,2
msg004_wpm15_snr+10db,VA3PARC DE VA3FMU GE TNX FER CALL UR RST 579 579 QTH ONCA ONCA K,...- .- ...-- .--. .- .-. -.-. / -.. . / ...- .- ...-- ..-. -- ..- / --. . / - -. -..- / ..-. . .-. / -.-. .- .-.. .-.. / ..- .-. / .-. ... - / ..... --... ----. / ..... --... ----. / --.- - .... / --- -. -.-. .- / --- -. -.-. .- / -.-,msg004_wpm15_clean.npy,msg004_wpm15_snr+10db_tone700.npy,msg004_wpm15_snr+10db_tone700.wav,4,15,10,9.986651,700,8000,5.0,AWGN,42,4,2,3
msg004_wpm15_snr+05db,VA3PARC DE VA3FMU GE TNX FER CALL UR RST 579 579 QTH ONCA ONCA K,...- .- ...-- .--. .- .-. -.-. / -.. . / ...- .- ...-- ..-. -- ..- / --. . / - -. -..- / ..-. . .-. / -.-. .- .-.. .-.. / ..- .-. / .-. ... - / ..... --... ----. / ..... --... ----. / --.- - .... / --- -. -.-. .- / --- -. -.-. .- / -.-,msg004_wpm15_clean.npy,msg004_wpm15_snr+05db_tone700.npy,msg004_wpm15_snr+05db_tone700.wav,4,15,5,5.008724,700,8000,5.0,AWGN,42,4,2,4
msg004_wpm15_snr+00db,VA3PARC DE VA3FMU GE TNX FER CALL UR RST 579 579 QTH ONCA ONCA K,...- .- ...-- .--. .- .-. -.-. / -.. . / ...- .- ...-- ..-. -- ..- / --. . / - -. -..- / ..-. . .-. / -.-. .- .-.. .-.. / ..- .-. / .-. ... - / ..... --... ----. / ..... --... ----. / --.- - .... / --- -. -.-. .- / --- -. -.-. .- / -.-,msg004_wpm15_clean.npy,msg004_wpm15_snr+00db_tone700.npy,msg004_wpm15_snr+00db_tone700.wav,4,15,0,-0.016610133,700,8000,5.0,AWGN,42,4,2,5
msg004_wpm15_snr-05db,VA3PARC DE VA3FMU GE TNX FER CALL UR RST 579 579 QTH ONCA ONCA K,...- .- ...-- .--. .- .-. -.-. / -.. . / ...- .- ...-- ..-. -- ..- / --. . / - -. -..- / ..-. . .-. / -.-. .- .-.. .-.. / ..- .-. / .-. ... - / ..... --... ----. / ..... --... ----. / --.- - .... / --- -. -.-. .- / --- -. -.-. .- / -.-,msg004_wpm15_clean.npy,msg004_wpm15_snr-05db_tone700.npy,msg004_wpm15_snr-05db_tone700.wav,4,15,-5,-4.9916353,700,8000,5.0,AWGN,42,4,2,6
msg004_wpm15_snr-10db,VA3PARC DE VA3FMU GE TNX FER CALL UR RST 579 579 QTH ONCA ONCA K,...- .- ...-- .--. .- .-. -.-. / -.. . / ...- .- ...-- ..-. -- ..- / --. . / - -. -..- / ..-. . .-. / -.-. .- .-.. .-.. / ..- .-. / .-. ... - / ..... --... ----. / ..... --... ----. / --.- - .... / --- -. -.-. .- / --- -. -.-. .- / -.-,msg004_wpm15_clean.npy,msg004_wpm15_snr-10db_tone700.npy,msg004_wpm15_snr-10db_tone700.wav,4,15,-10,-10.021792,700,8000,5.0,AWGN,42,4,2,7
msg004_wpm20_snr+40db,VA3PARC DE VA3FMU GE TNX FER CALL UR RST 579 579 QTH ONCA ONCA K,...- .- ...-- .--. .- .-. -.-. / -.. . / ...- .- ...-- ..-. -- ..- / --. . / - -. -..- / ..-. . .-. / -.-. .- .-.. .-.. / ..- .-. / .-. ... - / ..... --... ----. / ..... --... ----. / --.- - .... / --- -. -.-. .- / --- -. -.-. .- / -.-,msg004_wpm20_clean.npy,msg004_wpm20_snr+40db_tone700.npy,msg004_wpm20_snr+40db_tone700.wav,4,20,40,40.002026,700,8000,5.0,AWGN,42,4,3,0
msg004_wpm20_snr+30db,VA3PARC DE VA3FMU GE TNX FER CALL UR RST 579 579 QTH ONCA ONCA K,...- .- ...-- .--. .- .-. -.-. / -.. . / ...- .- ...-- ..-. -- ..- / --. . / - -. -..- / ..-. . .-. / -.-. .- .-.. .-.. / ..- .-. / .-. ... - / ..... --... ----. / ..... --... ----. / --.- - .... / --- -. -.-. .- / --- -. -.-. .- / -.-,msg004_wpm20_clean.npy,msg004_wpm20_snr+30db_tone700.npy,msg004_wpm20_snr+30db_tone700.wav,4,20,30,30.023287,700,8000,5.0,AWGN,42,4,3,1
msg004_wpm20_snr+20db,VA3PARC DE VA3FMU GE TNX FER CALL UR RST 579 579 QTH ONCA ONCA K,...- .- ...-- .--. .- .-. -.-. / -.. . / ...- .- ...-- ..-. -- ..- / --. . / - -. -..- / ..-. . .-. / -.-. .- .-.. .-.. / ..- .-. / .-. ... - / ..... --... ----. / ..... --... ----. / --.- - .... / --- -. -.-. .- / --- -. -.-. .- / -.-,msg004_wpm20_clean.npy,msg004_wpm20_snr+20db_tone700.npy,msg004_wpm20_snr+20db_tone700.wav,4,20,20,19.999626,700,8000,5.0,AWGN,42,4,3,2
msg004_wpm20_snr+10db,VA3PARC DE VA3FMU GE TNX FER CALL UR RST 579 579 QTH ONCA ONCA K,...- .- ...-- .--. .- .-. -.-. / -.. . / ...- .- ...-- ..-. -- ..- / --. . / - -. -..- / ..-. . .-. / -.-. .- .-.. .-.. / ..- .-. / .-. ... - / ..... --... ----. / ..... --... ----. / --.- - .... / --- -. -.-. .- / --- -. -.-. .- / -.-,msg004_wpm20_clean.npy,msg004_wpm20_snr+10db_tone700.npy,msg004_wpm20_snr+10db_tone700.wav,4,20,10,10.021058,700,8000,5.0,AWGN,42,4,3,3
msg004_wpm20_snr+05db,VA3PARC DE VA3FMU GE TNX FER CALL UR RST 579 579 QTH ONCA ONCA K,...- .- ...-- .--. .- .-. -.-. / -.. . / ...- .- ...-- ..-. -- ..- / --. . / - -. -..- / ..-. . .-. / -.-. .- .-.. .-.. / ..- .-. / .-. ... - / ..... --... ----. / ..... --... ----. / --.- - .... / --- -. -.-. .- / --- -. -.-. .- / -.-,msg004_wpm20_clean.npy,msg004_wpm20_snr+05db_tone700.npy,msg004_wpm20_snr+05db_tone700.wav,4,20,5,5.005398,700,8000,5.0,AWGN,42,4,3,4
msg004_wpm20_snr+00db,VA3PARC DE VA3FMU GE TNX FER CALL UR RST 579 579 QTH ONCA ONCA K,...- .- ...-- .--. .- .-. -.-. / -.. . / ...- .- ...-- ..-. -- ..- / --. . / - -. -..- / ..-. . .-. / -.-. .- .-.. .-.. / ..- .-. / .-. ... - / ..... --... ----. / ..... --... ----. / --.- - .... / --- -. -.-. .- / --- -. -.-. .- / -.-,msg004_wpm20_clean.npy,msg004_wpm20_snr+00db_tone700.npy,msg004_wpm20_snr+00db_tone700.wav,4,20,0,0.019684572,700,8000,5.0,AWGN,42,4,3,5
msg004_wpm20_snr-05db,VA3PARC DE VA3FMU GE TNX FER CALL UR RST 579 579 QTH ONCA ONCA K,...- .- ...-- .--. .- .-. -.-. / -.. . / ...- .- ...-- ..-. -- ..- / --. . / - -. -..- / ..-. . .-. / -.-. .- .-.. .-.. / ..- .-. / .-. ... - / ..... --... ----. / ..... --... ----. / --.- - .... / --- -. -.-. .- / --- -. -.-. .- / -.-,msg004_wpm20_clean.npy,msg004_wpm20_snr-05db_tone700.npy,msg004_wpm20_snr-05db_tone700.wav,4,20,-5,-4.9989467,700,8000,5.0,AWGN,42,4,3,6
msg004_wpm20_snr-10db,VA3PARC DE VA3FMU GE TNX FER CALL UR RST 579 579 QTH ONCA ONCA K,...- .- ...-- .--. .- .-. -.-. / -.. . / ...- .- ...-- ..-. -- ..- / --. . / - -. -..- / ..-. . .-. / -.-. .- .-.. .-.. / ..- .-. / .-. ... - / ..... --... ----. / ..... --... ----. / --.- - .... / --- -. -.-. .- / --- -. -.-. .- / -.-,msg004_wpm20_clean.npy,msg004_wpm20_snr-10db_tone700.npy,msg004_wpm20_snr-10db_tone700.wav,4,20,-10,-10.005451,700,8000,5.0,AWGN,42,4,3,7
msg004_wpm25_snr+40db,VA3PARC DE VA3FMU GE TNX FER CALL UR RST 579 579 QTH ONCA ONCA K,...- .- ...-- .--. .- .-. -.-. / -.. . / ...- .- ...-- ..-. -- ..- / --. . / - -. -..- / ..-. . .-. / -.-. .- .-.. .-.. / ..- .-. / .-. ... - / ..... --... ----. / ..... --... ----. / --.- - .... / --- -. -.-. .- / --- -. -.-. .- / -.-,msg004_wpm25_clean.npy,msg004_wpm25_snr+40db_tone700.npy,msg004_wpm25_snr+40db_tone700.wav,4,25,40,40.052227,700,8000,5.0,AWGN,42,4,4,0
msg004_wpm25_snr+30db,VA3PARC DE VA3FMU GE TNX FER CALL UR RST 579 579 QTH ONCA ONCA K,...- .- ...-- .--. .- .-. -.-. / -.. . / ...- .- ...-- ..-. -- ..- / --. . / - -. -..- / ..-. . .-. / -.-. .- .-.. .-.. / ..- .-. / .-. ... - / ..... --... ----. / ..... --... ----. / --.- - .... / --- -. -.-. .- / --- -. -.-. .- / -.-,msg004_wpm25_clean.npy,msg004_wpm25_snr+30db_tone700.npy,msg004_wpm25_snr+30db_tone700.wav,4,25,30,29.971813,700,8000,5.0,AWGN,42,4,4,1
msg004_wpm25_snr+20db,VA3PARC DE VA3FMU GE TNX FER CALL UR RST 579 579 QTH ONCA ONCA K,...- .- ...-- .--. .- .-. -.-. / -.. . / ...- .- ...-- ..-. -- ..- / --. . / - -. -..- / ..-. . .-. / -.-. .- .-.. .-.. / ..- .-. / .-. ... - / ..... --... ----. / ..... --... ----. / --.- - .... / --- -. -.-. .- / --- -. -.-. .- / -.-,msg004_wpm25_clean.npy,msg004_wpm25_snr+20db_tone700.npy,msg004_wpm25_snr+20db_tone700.wav,4,25,20,20.038965,700,8000,5.0,AWGN,42,4,4,2
msg004_wpm25_snr+10db,VA3PARC DE VA3FMU GE TNX FER CALL UR RST 579 579 QTH ONCA ONCA K,...- .- ...-- .--. .- .-. -.-. / -.. . / ...- .- ...-- ..-. -- ..- / --. . / - -. -..- / ..-. . .-. / -.-. .- .-.. .-.. / ..- .-. / .-. ... - / ..... --... ----. / ..... --... ----. / --.- - .... / --- -. -.-. .- / --- -. -.-. .- / -.-,msg004_wpm25_clean.npy,msg004_wpm25_snr+10db_tone700.npy,msg004_wpm25_snr+10db_tone700.wav,4,25,10,10.012033,700,8000,5.0,AWGN,42,4,4,3
msg004_wpm25_snr+05db,VA3PARC DE VA3FMU GE TNX FER CALL UR RST 579 579 QTH ONCA ONCA K,...- .- ...-- .--. .- .-. -.-. / -.. . / ...- .- ...-- ..-. -- ..- / --. . / - -. -..- / ..-. . .-. / -.-. .- .-.. .-.. / ..- .-. / .-. ... - / ..... --... ----. / ..... --... ----. / --.- - .... / --- -. -.-. .- / --- -. -.-. .- / -.-,msg004_wpm25_clean.npy,msg004_wpm25_snr+05db_tone700.npy,msg004_wpm25_snr+05db_tone700.wav,4,25,5,4.9899926,700,8000,5.0,AWGN,42,4,4,4
msg004_wpm25_snr+00db,VA3PARC DE VA3FMU GE TNX FER CALL UR RST 579 579 QTH ONCA ONCA K,...- .- ...-- .--. .- .-. -.-. / -.. . / ...- .- ...-- ..-. -- ..- / --. . / - -. -..- / ..-. . .-. / -.-. .- .-.. .-.. / ..- .-. / .-. ... - / ..... --... ----. / ..... --... ----. / --.- - .... / --- -. -.-. .- / --- -. -.-. .- / -.-,msg004_wpm25_clean.npy,msg004_wpm25_snr+00db_tone700.npy,msg004_wpm25_snr+00db_tone700.wav,4,25,0,0.032783233,700,8000,5.0,AWGN,42,4,4,5
msg004_wpm25_snr-05db,VA3PARC DE VA3FMU GE TNX FER CALL UR RST 579 579 QTH ONCA ONCA K,...- .- ...-- .--. .- .-. -.-. / -.. . / ...- .- ...-- ..-. -- ..- / --. . / - -. -..- / ..-. . .-. / -.-. .- .-.. .-.. / ..- .-. / .-. ... - / ..... --... ----. / ..... --... ----. / --.- - .... / --- -. -.-. .- / --- -. -.-. .- / -.-,msg004_wpm25_clean.npy,msg004_wpm25_snr-05db_tone700.npy,msg004_wpm25_snr-05db_tone700.wav,4,25,-5,-4.990465,700,8000,5.0,AWGN,42,4,4,6
msg004_wpm25_snr-10db,VA3PARC DE VA3FMU GE TNX FER CALL UR RST 579 579 QTH ONCA ONCA K,...- .- ...-- .--. .- .-. -.-. / -.. . / ...- .- ...-- ..-. -- ..- / --. . / - -. -..- / ..-. . .-. / -.-. .- .-.. .-.. / ..- .-. / .-. ... - / ..... --... ----. / ..... --... ----. / --.- - .... / --- -. -.-. .- / --- -. -.-. .- / -.-,msg004_wpm25_clean.npy,msg004_wpm25_snr-10db_tone700.npy,msg004_wpm25_snr-10db_tone700.wav,4,25,-10,-10.031724,700,8000,5.0,AWGN,42,4,4,7
msg004_wpm30_snr+40db,VA3PARC DE VA3FMU GE TNX FER CALL UR RST 579 579 QTH ONCA ONCA K,...- .- ...-- .--. .- .-. -.-. / -.. . / ...- .- ...-- ..-. -- ..- / --. . / - -. -..- / ..-. . .-. / -.-. .- .-.. .-.. / ..- .-. / .-. ... - / ..... --... ----. / ..... --... ----. / --.- - .... / --- -. -.-. .- / --- -. -.-. .- / -.-,msg004_wpm30_clean.npy,msg004_wpm30_snr+40db_tone700.npy,msg004_wpm30_snr+40db_tone700.wav,4,30,40,40.021675,700,8000,5.0,AWGN,42,4,5,0
msg004_wpm30_snr+30db,VA3PARC DE VA3FMU GE TNX FER CALL UR RST 579 579 QTH ONCA ONCA K,...- .- ...-- .--. .- .-. -.-. / -.. . / ...- .- ...-- ..-. -- ..- / --. . / - -. -..- / ..-. . .-. / -.-. .- .-.. .-.. / ..- .-. / .-. ... - / ..... --... ----. / ..... --... ----. / --.- - .... / --- -. -.-. .- / --- -. -.-. .- / -.-,msg004_wpm30_clean.npy,msg004_wpm30_snr+30db_tone700.npy,msg004_wpm30_snr+30db_tone700.wav,4,30,30,30.001049,700,8000,5.0,AWGN,42,4,5,1
msg004_wpm30_snr+20db,VA3PARC DE VA3FMU GE TNX FER CALL UR RST 579 579 QTH ONCA ONCA K,...- .- ...-- .--. .- .-. -.-. / -.. . / ...- .- ...-- ..-. -- ..- / --. . / - -. -..- / ..-. . .-. / -.-. .- .-.. .-.. / ..- .-. / .-. ... - / ..... --... ----. / ..... --... ----. / --.- - .... / --- -. -.-. .- / --- -. -.-. .- / -.-,msg004_wpm30_clean.npy,msg004_wpm30_snr+20db_tone700.npy,msg004_wpm30_snr+20db_tone700.wav,4,30,20,20.007233,700,8000,5.0,AWGN,42,4,5,2
msg004_wpm30_snr+10db,VA3PARC DE VA3FMU GE TNX FER CALL UR RST 579 579 QTH ONCA ONCA K,...- .- ...-- .--. .- .-. -.-. / -.. . / ...- .- ...-- ..-. -- ..- / --. . / - -. -..- / ..-. . .-. / -.-. .- .-.. .-.. / ..- .-. / .-. ... - / ..... --... ----. / ..... --... ----. / --.- - .... / --- -. -.-. .- / --- -. -.-. .- / -.-,msg004_wpm30_clean.npy,msg004_wpm30_snr+10db_tone700.npy,msg004_wpm30_snr+10db_tone700.wav,4,30,10,9.988832,700,8000,5.0,AWGN,42,4,5,3
msg004_wpm30_snr+05db,VA3PARC DE VA3FMU GE TNX FER CALL UR RST 579 579 QTH ONCA ONCA K,...- .- ...-- .--. .- .-. -.-. / -.. . / ...- .- ...-- ..-. -- ..- / --. . / - -. -..- / ..-. . .-. / -.-. .- .-.. .-.. / ..- .-. / .-. ... - / ..... --... ----. / ..... --... ----. / --.- - .... / --- -. -.-. .- / --- -. -.-. .- / -.-,msg004_wpm30_clean.npy,msg004_wpm30_snr+05db_tone700.npy,msg004_wpm30_snr+05db_tone700.wav,4,30,5,4.9585276,700,8000,5.0,AWGN,42,4,5,4
msg004_wpm30_snr+00db,VA3PARC DE VA3FMU GE TNX FER CALL UR RST 579 579 QTH ONCA ONCA K,...- .- ...-- .--. .- .-. -.-. / -.. . / ...- .- ...-- ..-. -- ..- / --. . / - -. -..- / ..-. . .-. / -.-. .- .-.. .-.. / ..- .-. / .-. ... - / ..... --... ----. / ..... --... ----. / --.- - .... / --- -. -.-. .- / --- -. -.-. .- / -.-,msg004_wpm30_clean.npy,msg004_wpm30_snr+00db_tone700.npy,msg004_wpm30_snr+00db_tone700.wav,4,30,0,0.024439937,700,8000,5.0,AWGN,42,4,5,5
msg004_wpm30_snr-05db,VA3PARC DE VA3FMU GE TNX FER CALL UR RST 579 579 QTH ONCA ONCA K,...- .- ...-- .--. .- .-. -.-. / -.. . / ...- .- ...-- ..-. -- ..- / --. . / - -. -..- / ..-. . .-. / -.-. .- .-.. .-.. / ..- .-. / .-. ... - / ..... --... ----. / ..... --... ----. / --.- - .... / --- -. -.-. .- / --- -. -.-. .- / -.-,msg004_wpm30_clean.npy,msg004_wpm30_snr-05db_tone700.npy,msg004_wpm30_snr-05db_tone700.wav,4,30,-5,-4.9912086,700,8000,5.0,AWGN,42,4,5,6
msg004_wpm30_snr-10db,VA3PARC DE VA3FMU GE TNX FER CALL UR RST 579 579 QTH ONCA ONCA K,...- .- ...-- .--. .- .-. -.-. / -.. . / ...- .- ...-- ..-. -- ..- / --. . / - -. -..- / ..-. . .-. / -.-. .- .-.. .-.. / ..- .-. / .-. ... - / ..... --... ----. / ..... --... ----. / --.- - .... / --- -. -.-. .- / --- -. -.-. .- / -.-,msg004_wpm30_clean.npy,msg004_wpm30_snr-10db_tone700.npy,msg004_wpm30_snr-10db_tone700.wav,4,30,-10,-9.95249,700,8000,5.0,AWGN,42,4,5,7
msg005_wpm05_snr+40db,SOS SOS SOS,...---... / ...---... / ...---...,msg005_wpm05_clean.npy,msg005_wpm05_snr+40db_tone700.npy,msg005_wpm05_snr+40db_tone700.wav,5,5,40,39.99852,700,8000,5.0,AWGN,42,5,0,0
msg005_wpm05_snr+30db,SOS SOS SOS,...---... / ...---... / ...---...,msg005_wpm05_clean.npy,msg005_wpm05_snr+30db_tone700.npy,msg005_wpm05_snr+30db_tone700.wav,5,5,30,30.003029,700,8000,5.0,AWGN,42,5,0,1
msg005_wpm05_snr+20db,SOS SOS SOS,...---... / ...---... / ...---...,msg005_wpm05_clean.npy,msg005_wpm05_snr+20db_tone700.npy,msg005_wpm05_snr+20db_tone700.wav,5,5,20,20.043968,700,8000,5.0,AWGN,42,5,0,2
msg005_wpm05_snr+10db,SOS SOS SOS,...---... / ...---... / ...---...,msg005_wpm05_clean.npy,msg005_wpm05_snr+10db_tone700.npy,msg005_wpm05_snr+10db_tone700.wav,5,5,10,9.975231,700,8000,5.0,AWGN,42,5,0,3
msg005_wpm05_snr+05db,SOS SOS SOS,...---... / ...---... / ...---...,msg005_wpm05_clean.npy,msg005_wpm05_snr+05db_tone700.npy,msg005_wpm05_snr+05db_tone700.wav,5,5,5,5.0360327,700,8000,5.0,AWGN,42,5,0,4
msg005_wpm05_snr+00db,SOS SOS SOS,...---... / ...---... / ...---...,msg005_wpm05_clean.npy,msg005_wpm05_snr+00db_tone700.npy,msg005_wpm05_snr+00db_tone700.wav,5,5,0,-0.0022692392,700,8000,5.0,AWGN,42,5,0,5
msg005_wpm05_snr-05db,SOS SOS SOS,...---... / ...---... / ...---...,msg005_wpm05_clean.npy,msg005_wpm05_snr-05db_tone700.npy,msg005_wpm05_snr-05db_tone700.wav,5,5,-5,-4.97662,700,8000,5.0,AWGN,42,5,0,6
msg005_wpm05_snr-10db,SOS SOS SOS,...---... / ...---... / ...---...,msg005_wpm05_clean.npy,msg005_wpm05_snr-10db_tone700.npy,msg005_wpm05_snr-10db_tone700.wav,5,5,-10,-10.016638,700,8000,5.0,AWGN,42,5,0,7
msg005_wpm10_snr+40db,SOS SOS SOS,...---... / ...---... / ...---...,msg005_wpm10_clean.npy,msg005_wpm10_snr+40db_tone700.npy,msg005_wpm10_snr+40db_tone700.wav,5,10,40,40.03199,700,8000,5.0,AWGN,42,5,1,0
msg005_wpm10_snr+30db,SOS SOS SOS,...---... / ...---... / ...---...,msg005_wpm10_clean.npy,msg005_wpm10_snr+30db_tone700.npy,msg005_wpm10_snr+30db_tone700.wav,5,10,30,30.064829,700,8000,5.0,AWGN,42,5,1,1
msg005_wpm10_snr+20db,SOS SOS SOS,...---... / ...---... / ...---...,msg005_wpm10_clean.npy,msg005_wpm10_snr+20db_tone700.npy,msg005_wpm10_snr+20db_tone700.wav,5,10,20,20.002565,700,8000,5.0,AWGN,42,5,1,2
msg005_wpm10_snr+10db,SOS SOS SOS,...---... / ...---... / ...---...,msg005_wpm10_clean.npy,msg005_wpm10_snr+10db_tone700.npy,msg005_wpm10_snr+10db_tone700.wav,5,10,10,9.915433,700,8000,5.0,AWGN,42,5,1,3
msg005_wpm10_snr+05db,SOS SOS SOS,...---... / ...---... / ...---...,msg005_wpm10_clean.npy,msg005_wpm10_snr+05db_tone700.npy,msg005_wpm10_snr+05db_tone700.wav,5,10,5,5.0451126,700,8000,5.0,AWGN,42,5,1,4
msg005_wpm10_snr+00db,SOS SOS SOS,...---... / ...---... / ...---...,msg005_wpm10_clean.npy,msg005_wpm10_snr+00db_tone700.npy,msg005_wpm10_snr+00db_tone700.wav,5,10,0,0.0664075,700,8000,5.0,AWGN,42,5,1,5
msg005_wpm10_snr-05db,SOS SOS SOS,...---... / ...---... / ...---...,msg005_wpm10_clean.npy,msg005_wpm10_snr-05db_tone700.npy,msg005_wpm10_snr-05db_tone700.wav,5,10,-5,-4.999973,700,8000,5.0,AWGN,42,5,1,6
msg005_wpm10_snr-10db,SOS SOS SOS,...---... / ...---... / ...---...,msg005_wpm10_clean.npy,msg005_wpm10_snr-10db_tone700.npy,msg005_wpm10_snr-10db_tone700.wav,5,10,-10,-9.971083,700,8000,5.0,AWGN,42,5,1,7
msg005_wpm15_snr+40db,SOS SOS SOS,...---... / ...---... / ...---...,msg005_wpm15_clean.npy,msg005_wpm15_snr+40db_tone700.npy,msg005_wpm15_snr+40db_tone700.wav,5,15,40,40.087326,700,8000,5.0,AWGN,42,5,2,0
msg005_wpm15_snr+30db,SOS SOS SOS,...---... / ...---... / ...---...,msg005_wpm15_clean.npy,msg005_wpm15_snr+30db_tone700.npy,msg005_wpm15_snr+30db_tone700.wav,5,15,30,30.036509,700,8000,5.0,AWGN,42,5,2,1
msg005_wpm15_snr+20db,SOS SOS SOS,...---... / ...---... / ...---...,msg005_wpm15_clean.npy,msg005_wpm15_snr+20db_tone700.npy,msg005_wpm15_snr+20db_tone700.wav,5,15,20,19.984734,700,8000,5.0,AWGN,42,5,2,2
msg005_wpm15_snr+10db,SOS SOS SOS,...---... / ...---... / ...---...,msg005_wpm15_clean.npy,msg005_wpm15_snr+10db_tone700.npy,msg005_wpm15_snr+10db_tone700.wav,5,15,10,9.978555,700,8000,5.0,AWGN,42,5,2,3
msg005_wpm15_snr+05db,SOS SOS SOS,...---... / ...---... / ...---...,msg005_wpm15_clean.npy,msg005_wpm15_snr+05db_tone700.npy,msg005_wpm15_snr+05db_tone700.wav,5,15,5,5.0197783,700,8000,5.0,AWGN,42,5,2,4
msg005_wpm15_snr+00db,SOS SOS SOS,...---... / ...---... / ...---...,msg005_wpm15_clean.npy,msg005_wpm15_snr+00db_tone700.npy,msg005_wpm15_snr+00db_tone700.wav,5,15,0,-0.021891188,700,8000,5.0,AWGN,42,5,2,5
msg005_wpm15_snr-05db,SOS SOS SOS,...---... / ...---... / ...---...,msg005_wpm15_clean.npy,msg005_wpm15_snr-05db_tone700.npy,msg005_wpm15_snr-05db_tone700.wav,5,15,-5,-5.0170555,700,8000,5.0,AWGN,42,5,2,6
msg005_wpm15_snr-10db,SOS SOS SOS,...---... / ...---... / ...---...,msg005_wpm15_clean.npy,msg005_wpm15_snr-10db_tone700.npy,msg005_wpm15_snr-10db_tone700.wav,5,15,-10,-10.029488,700,8000,5.0,AWGN,42,5,2,7
msg005_wpm20_snr+40db,SOS SOS SOS,...---... / ...---... / ...---...,msg005_wpm20_clean.npy,msg005_wpm20_snr+40db_tone700.npy,msg005_wpm20_snr+40db_tone700.wav,5,20,40,40.026756,700,8000,5.0,AWGN,42,5,3,0
msg005_wpm20_snr+30db,SOS SOS SOS,...---... / ...---... / ...---...,msg005_wpm20_clean.npy,msg005_wpm20_snr+30db_tone700.npy,msg005_wpm20_snr+30db_tone700.wav,5,20,30,29.919222,700,8000,5.0,AWGN,42,5,3,1
msg005_wpm20_snr+20db,SOS SOS SOS,...---... / ...---... / ...---...,msg005_wpm20_clean.npy,msg005_wpm20_snr+20db_tone700.npy,msg005_wpm20_snr+20db_tone700.wav,5,20,20,19.984612,700,8000,5.0,AWGN,42,5,3,2
msg005_wpm20_snr+10db,SOS SOS SOS,...---... / ...---... / ...---...,msg005_wpm20_clean.npy,msg005_wpm20_snr+10db_tone700.npy,msg005_wpm20_snr+10db_tone700.wav,5,20,10,9.999767,700,8000,5.0,AWGN,42,5,3,3
msg005_wpm20_snr+05db,SOS SOS SOS,...---... / ...---... / ...---...,msg005_wpm20_clean.npy,msg005_wpm20_snr+05db_tone700.npy,msg005_wpm20_snr+05db_tone700.wav,5,20,5,4.9970875,700,8000,5.0,AWGN,42,5,3,4
msg005_wpm20_snr+00db,SOS SOS SOS,...---... / ...---... / ...---...,msg005_wpm20_clean.npy,msg005_wpm20_snr+00db_tone700.npy,msg005_wpm20_snr+00db_tone700.wav,5,20,0,0.07535657,700,8000,5.0,AWGN,42,5,3,5
msg005_wpm20_snr-05db,SOS SOS SOS,...---... / ...---... / ...---...,msg005_wpm20_clean.npy,msg005_wpm20_snr-05db_tone700.npy,msg005_wpm20_snr-05db_tone700.wav,5,20,-5,-5.027052,700,8000,5.0,AWGN,42,5,3,6
msg005_wpm20_snr-10db,SOS SOS SOS,...---... / ...---... / ...---...,msg005_wpm20_clean.npy,msg005_wpm20_snr-10db_tone700.npy,msg005_wpm20_snr-10db_tone700.wav,5,20,-10,-10.05766,700,8000,5.0,AWGN,42,5,3,7
msg005_wpm25_snr+40db,SOS SOS SOS,...---... / ...---... / ...---...,msg005_wpm25_clean.npy,msg005_wpm25_snr+40db_tone700.npy,msg005_wpm25_snr+40db_tone700.wav,5,25,40,40.040993,700,8000,5.0,AWGN,42,5,4,0
msg005_wpm25_snr+30db,SOS SOS SOS,...---... / ...---... / ...---...,msg005_wpm25_clean.npy,msg005_wpm25_snr+30db_tone700.npy,msg005_wpm25_snr+30db_tone700.wav,5,25,30,29.967463,700,8000,5.0,AWGN,42,5,4,1
msg005_wpm25_snr+20db,SOS SOS SOS,...---... / ...---... / ...---...,msg005_wpm25_clean.npy,msg005_wpm25_snr+20db_tone700.npy,msg005_wpm25_snr+20db_tone700.wav,5,25,20,20.032196,700,8000,5.0,AWGN,42,5,4,2
msg005_wpm25_snr+10db,SOS SOS SOS,...---... / ...---... / ...---...,msg005_wpm25_clean.npy,msg005_wpm25_snr+10db_tone700.npy,msg005_wpm25_snr+10db_tone700.wav,5,25,10,10.02164,700,8000,5.0,AWGN,42,5,4,3
msg005_wpm25_snr+05db,SOS SOS SOS,...---... / ...---... / ...---...,msg005_wpm25_clean.npy,msg005_wpm25_snr+05db_tone700.npy,msg005_wpm25_snr+05db_tone700.wav,5,25,5,4.9615707,700,8000,5.0,AWGN,42,5,4,4
msg005_wpm25_snr+00db,SOS SOS SOS,...---... / ...---... / ...---...,msg005_wpm25_clean.npy,msg005_wpm25_snr+00db_tone700.npy,msg005_wpm25_snr+00db_tone700.wav,5,25,0,0.09969805,700,8000,5.0,AWGN,42,5,4,5
msg005_wpm25_snr-05db,SOS SOS SOS,...---... / ...---... / ...---...,msg005_wpm25_clean.npy,msg005_wpm25_snr-05db_tone700.npy,msg005_wpm25_snr-05db_tone700.wav,5,25,-5,-5.0143523,700,8000,5.0,AWGN,42,5,4,6
msg005_wpm25_snr-10db,SOS SOS SOS,...---... / ...---... / ...---...,msg005_wpm25_clean.npy,msg005_wpm25_snr-10db_tone700.npy,msg005_wpm25_snr-10db_tone700.wav,5,25,-10,-10.066673,700,8000,5.0,AWGN,42,5,4,7
msg005_wpm30_snr+40db,SOS SOS SOS,...---... / ...---... / ...---...,msg005_wpm30_clean.npy,msg005_wpm30_snr+40db_tone700.npy,msg005_wpm30_snr+40db_tone700.wav,5,30,40,40.048943,700,8000,5.0,AWGN,42,5,5,0
msg005_wpm30_snr+30db,SOS SOS SOS,...---... / ...---... / ...---...,msg005_wpm30_clean.npy,msg005_wpm30_snr+30db_tone700.npy,msg005_wpm30_snr+30db_tone700.wav,5,30,30,30.103235,700,8000,5.0,AWGN,42,5,5,1
msg005_wpm30_snr+20db,SOS SOS SOS,...---... / ...---... / ...---...,msg005_wpm30_clean.npy,msg005_wpm30_snr+20db_tone700.npy,msg005_wpm30_snr+20db_tone700.wav,5,30,20,20.010101,700,8000,5.0,AWGN,42,5,5,2
msg005_wpm30_snr+10db,SOS SOS SOS,...---... / ...---... / ...---...,msg005_wpm30_clean.npy,msg005_wpm30_snr+10db_tone700.npy,msg005_wpm30_snr+10db_tone700.wav,5,30,10,9.99362,700,8000,5.0,AWGN,42,5,5,3
msg005_wpm30_snr+05db,SOS SOS SOS,...---... / ...---... / ...---...,msg005_wpm30_clean.npy,msg005_wpm30_snr+05db_tone700.npy,msg005_wpm30_snr+05db_tone700.wav,5,30,5,5.0571804,700,8000,5.0,AWGN,42,5,5,4
msg005_wpm30_snr+00db,SOS SOS SOS,...---... / ...---... / ...---...,msg005_wpm30_clean.npy,msg005_wpm30_snr+00db_tone700.npy,msg005_wpm30_snr+00db_tone700.wav,5,30,0,-0.01804631,700,8000,5.0,AWGN,42,5,5,5
msg005_wpm30_snr-05db,SOS SOS SOS,...---... / ...---... / ...---...,msg005_wpm30_clean.npy,msg005_wpm30_snr-05db_tone700.npy,msg005_wpm30_snr-05db_tone700.wav,5,30,-5,-5.0331573,700,8000,5.0,AWGN,42,5,5,6
msg005_wpm30_snr-10db,SOS SOS SOS,...---... / ...---... / ...---...,msg005_wpm30_clean.npy,msg005_wpm30_snr-10db_tone700.npy,msg005_wpm30_snr-10db_tone700.wav,5,30,-10,-9.920332,700,8000,5.0,AWGN,42,5,5,7
msg006_wpm05_snr+40db,VA3PARC DE VA3FMU RR TNX ALL OK HR,...- .- ...-- .--. .- .-. -.-. / -.. . / ...- .- ...-- ..-. -- ..- / .-. .-. / - -. -..- / .- .-.. .-.. / --- -.- / .... .-.,msg006_wpm05_clean.npy,msg006_wpm05_snr+40db_tone700.npy,msg006_wpm05_snr+40db_tone700.wav,6,5,40,39.99305,700,8000,5.0,AWGN,42,6,0,0
msg006_wpm05_snr+30db,VA3PARC DE VA3FMU RR TNX ALL OK HR,...- .- ...-- .--. .- .-. -.-. / -.. . / ...- .- ...-- ..-. -- ..- / .-. .-. / - -. -..- / .- .-.. .-.. / --- -.- / .... .-.,msg006_wpm05_clean.npy,msg006_wpm05_snr+30db_tone700.npy,msg006_wpm05_snr+30db_tone700.wav,6,5,30,29.990723,700,8000,5.0,AWGN,42,6,0,1
msg006_wpm05_snr+20db,VA3PARC DE VA3FMU RR TNX ALL OK HR,...- .- ...-- .--. .- .-. -.-. / -.. . / ...- .- ...-- ..-. -- ..- / .-. .-. / - -. -..- / .- .-.. .-.. / --- -.- / .... .-.,msg006_wpm05_clean.npy,msg006_wpm05_snr+20db_tone700.npy,msg006_wpm05_snr+20db_tone700.wav,6,5,20,19.995167,700,8000,5.0,AWGN,42,6,0,2
msg006_wpm05_snr+10db,VA3PARC DE VA3FMU RR TNX ALL OK HR,...- .- ...-- .--. .- .-. -.-. / -.. . / ...- .- ...-- ..-. -- ..- / .-. .-. / - -. -..- / .- .-.. .-.. / --- -.- / .... .-.,msg006_wpm05_clean.npy,msg006_wpm05_snr+10db_tone700.npy,msg006_wpm05_snr+10db_tone700.wav,6,5,10,10.014576,700,8000,5.0,AWGN,42,6,0,3
msg006_wpm05_snr+05db,VA3PARC DE VA3FMU RR TNX ALL OK HR,...- .- ...-- .--. .- .-. -.-. / -.. . / ...- .- ...-- ..-. -- ..- / .-. .-. / - -. -..- / .- .-.. .-.. / --- -.- / .... .-.,msg006_wpm05_clean.npy,msg006_wpm05_snr+05db_tone700.npy,msg006_wpm05_snr+05db_tone700.wav,6,5,5,5.0196037,700,8000,5.0,AWGN,42,6,0,4
msg006_wpm05_snr+00db,VA3PARC DE VA3FMU RR TNX ALL OK HR,...- .- ...-- .--. .- .-. -.-. / -.. . / ...- .- ...-- ..-. -- ..- / .-. .-. / - -. -..- / .- .-.. .-.. / --- -.- / .... .-.,msg006_wpm05_clean.npy,msg006_wpm05_snr+00db_tone700.npy,msg006_wpm05_snr+00db_tone700.wav,6,5,0,0.01861503,700,8000,5.0,AWGN,42,6,0,5
msg006_wpm05_snr-05db,VA3PARC DE VA3FMU RR TNX ALL OK HR,...- .- ...-- .--. .- .-. -.-. / -.. . / ...- .- ...-- ..-. -- ..- / .-. .-. / - -. -..- / .- .-.. .-.. / --- -.- / .... .-.,msg006_wpm05_clean.npy,msg006_wpm05_snr-05db_tone700.npy,msg006_wpm05_snr-05db_tone700.wav,6,5,-5,-4.9960823,700,8000,5.0,AWGN,42,6,0,6
msg006_wpm05_snr-10db,VA3PARC DE VA3FMU RR TNX ALL OK HR,...- .- ...-- .--. .- .-. -.-. / -.. . / ...- .- ...-- ..-. -- ..- / .-. .-. / - -. -..- / .- .-.. .-.. / --- -.- / .... .-.,msg006_wpm05_clean.npy,msg006_wpm05_snr-10db_tone700.npy,msg006_wpm05_snr-10db_tone700.wav,6,5,-10,-10.001788,700,8000,5.0,AWGN,42,6,0,7
msg006_wpm10_snr+40db,VA3PARC DE VA3FMU RR TNX ALL OK HR,...- .- ...-- .--. .- .-. -.-. / -.. . / ...- .- ...-- ..-. -- ..- / .-. .-. / - -. -..- / .- .-.. .-.. / --- -.- / .... .-.,msg006_wpm10_clean.npy,msg006_wpm10_snr+40db_tone700.npy,msg006_wpm10_snr+40db_tone700.wav,6,10,40,40.00606,700,8000,5.0,AWGN,42,6,1,0
msg006_wpm10_snr+30db,VA3PARC DE VA3FMU RR TNX ALL OK HR,...- .- ...-- .--. .- .-. -.-. / -.. . / ...- .- ...-- ..-. -- ..- / .-. .-. / - -. -..- / .- .-.. .-.. / --- -.- / .... .-.,msg006_wpm10_clean.npy,msg006_wpm10_snr+30db_tone700.npy,msg006_wpm10_snr+30db_tone700.wav,6,10,30,30.003658,700,8000,5.0,AWGN,42,6,1,1
msg006_wpm10_snr+20db,VA3PARC DE VA3FMU RR TNX ALL OK HR,...- .- ...-- .--. .- .-. -.-. / -.. . / ...- .- ...-- ..-. -- ..- / .-. .-. / - -. -..- / .- .-.. .-.. / --- -.- / .... .-.,msg006_wpm10_clean.npy,msg006_wpm10_snr+20db_tone700.npy,msg006_wpm10_snr+20db_tone700.wav,6,10,20,20.00248,700,8000,5.0,AWGN,42,6,1,2
msg006_wpm10_snr+10db,VA3PARC DE VA3FMU RR TNX ALL OK HR,...- .- ...-- .--. .- .-. -.-. / -.. . / ...- .- ...-- ..-. -- ..- / .-. .-. / - -. -..- / .- .-.. .-.. / --- -.- / .... .-.,msg006_wpm10_clean.npy,msg006_wpm10_snr+10db_tone700.npy,msg006_wpm10_snr+10db_tone700.wav,6,10,10,10.0181055,700,8000,5.0,AWGN,42,6,1,3
msg006_wpm10_snr+05db,VA3PARC DE VA3FMU RR TNX ALL OK HR,...- .- ...-- .--. .- .-. -.-. / -.. . / ...- .- ...-- ..-. -- ..- / .-. .-. / - -. -..- / .- .-.. .-.. / --- -.- / .... .-.,msg006_wpm10_clean.npy,msg006_wpm10_snr+05db_tone700.npy,msg006_wpm10_snr+05db_tone700.wav,6,10,5,4.9901676,700,8000,5.0,AWGN,42,6,1,4
msg006_wpm10_snr+00db,VA3PARC DE VA3FMU RR TNX ALL OK HR,...- .- ...-- .--. .- .-. -.-. / -.. . / ...- .- ...-- ..-. -- ..- / .-. .-. / - -. -..- / .- .-.. .-.. / --- -.- / .... .-.,msg006_wpm10_clean.npy,msg006_wpm10_snr+00db_tone700.npy,msg006_wpm10_snr+00db_tone700.wav,6,10,0,0.018964529,700,8000,5.0,AWGN,42,6,1,5
msg006_wpm10_snr-05db,VA3PARC DE VA3FMU RR TNX ALL OK HR,...- .- ...-- .--. .- .-. -.-. / -.. . / ...- .- ...-- ..-. -- ..- / .-. .-. / - -. -..- / .- .-.. .-.. / --- -.- / .... .-.,msg006_wpm10_clean.npy,msg006_wpm10_snr-05db_tone700.npy,msg006_wpm10_snr-05db_tone700.wav,6,10,-5,-5.002862,700,8000,5.0,AWGN,42,6,1,6
msg006_wpm10_snr-10db,VA3PARC DE VA3FMU RR TNX ALL OK HR,...- .- ...-- .--. .- .-. -.-. / -.. . / ...- .- ...-- ..-. -- ..- / .-. .-. / - -. -..- / .- .-.. .-.. / --- -.- / .... .-.,msg006_wpm10_clean.npy,msg006_wpm10_snr-10db_tone700.npy,msg006_wpm10_snr-10db_tone700.wav,6,10,-10,-9.987348,700,8000,5.0,AWGN,42,6,1,7
msg006_wpm15_snr+40db,VA3PARC DE VA3FMU RR TNX ALL OK HR,...- .- ...-- .--. .- .-. -.-. / -.. . / ...- .- ...-- ..-. -- ..- / .-. .-. / - -. -..- / .- .-.. .-.. / --- -.- / .... .-.,msg006_wpm15_clean.npy,msg006_wpm15_snr+40db_tone700.npy,msg006_wpm15_snr+40db_tone700.wav,6,15,40,39.991573,700,8000,5.0,AWGN,42,6,2,0
msg006_wpm15_snr+30db,VA3PARC DE VA3FMU RR TNX ALL OK HR,...- .- ...-- .--. .- .-. -.-. / -.. . / ...- .- ...-- ..-. -- ..- / .-. .-. / - -. -..- / .- .-.. .-.. / --- -.- / .... .-.,msg006_wpm15_clean.npy,msg006_wpm15_snr+30db_tone700.npy,msg006_wpm15_snr+30db_tone700.wav,6,15,30,30.011814,700,8000,5.0,AWGN,42,6,2,1
msg006_wpm15_snr+20db,VA3PARC DE VA3FMU RR TNX ALL OK HR,...- .- ...-- .--. .- .-. -.-. / -.. . / ...- .- ...-- ..-. -- ..- / .-. .-. / - -. -..- / .- .-.. .-.. / --- -.- / .... .-.,msg006_wpm15_clean.npy,msg006_wpm15_snr+20db_tone700.npy,msg006_wpm15_snr+20db_tone700.wav,6,15,20,19.987146,700,8000,5.0,AWGN,42,6,2,2
msg006_wpm15_snr+10db,VA3PARC DE VA3FMU RR TNX ALL OK HR,...- .- ...-- .--. .- .-. -.-. / -.. . / ...- .- ...-- ..-. -- ..- / .-. .-. / - -. -..- / .- .-.. .-.. / --- -.- / .... .-.,msg006_wpm15_clean.npy,msg006_wpm15_snr+10db_tone700.npy,msg006_wpm15_snr+10db_tone700.wav,6,15,10,10.066314,700,8000,5.0,AWGN,42,6,2,3
msg006_wpm15_snr+05db,VA3PARC DE VA3FMU RR TNX ALL OK HR,...- .- ...-- .--. .- .-. -.-. / -.. . / ...- .- ...-- ..-. -- ..- / .-. .-. / - -. -..- / .- .-.. .-.. / --- -.- / .... .-.,msg006_wpm15_clean.npy,msg006_wpm15_snr+05db_tone700.npy,msg006_wpm15_snr+05db_tone700.wav,6,15,5,5.031371,700,8000,5.0,AWGN,42,6,2,4
msg006_wpm15_snr+00db,VA3PARC DE VA3FMU RR TNX ALL OK HR,...- .- ...-- .--. .- .-. -.-. / -.. . / ...- .- ...-- ..-. -- ..- / .-. .-. / - -. -..- / .- .-.. .-.. / --- -.- / .... .-.,msg006_wpm15_clean.npy,msg006_wpm15_snr+00db_tone700.npy,msg006_wpm15_snr+00db_tone700.wav,6,15,0,-0.024390819,700,8000,5.0,AWGN,42,6,2,5
msg006_wpm15_snr-05db,VA3PARC DE VA3FMU RR TNX ALL OK HR,...- .- ...-- .--. .- .-. -.-. / -.. . / ...- .- ...-- ..-. -- ..- / .-. .-. / - -. -..- / .- .-.. .-.. / --- -.- / .... .-.,msg006_wpm15_clean.npy,msg006_wpm15_snr-05db_tone700.npy,msg006_wpm15_snr-05db_tone700.wav,6,15,-5,-5.0041037,700,8000,5.0,AWGN,42,6,2,6
msg006_wpm15_snr-10db,VA3PARC DE VA3FMU RR TNX ALL OK HR,...- .- ...-- .--. .- .-. -.-. / -.. . / ...- .- ...-- ..-. -- ..- / .-. .-. / - -. -..- / .- .-.. .-.. / --- -.- / .... .-.,msg006_wpm15_clean.npy,msg006_wpm15_snr-10db_tone700.npy,msg006_wpm15_snr-10db_tone700.wav,6,15,-10,-10.004497,700,8000,5.0,AWGN,42,6,2,7
msg006_wpm20_snr+40db,VA3PARC DE VA3FMU RR TNX ALL OK HR,...- .- ...-- .--. .- .-. -.-. / -.. . / ...- .- ...-- ..-. -- ..- / .-. .-. / - -. -..- / .- .-.. .-.. / --- -.- / .... .-.,msg006_wpm20_clean.npy,msg006_wpm20_snr+40db_tone700.npy,msg006_wpm20_snr+40db_tone700.wav,6,20,40,40.001873,700,8000,5.0,AWGN,42,6,3,0
msg006_wpm20_snr+30db,VA3PARC DE VA3FMU RR TNX ALL OK HR,...- .- ...-- .--. .- .-. -.-. / -.. . / ...- .- ...-- ..-. -- ..- / .-. .-. / - -. -..- / .- .-.. .-.. / --- -.- / .... .-.,msg006_wpm20_clean.npy,msg006_wpm20_snr+30db_tone700.npy,msg006_wpm20_snr+30db_tone700.wav,6,20,30,29.973667,700,8000,5.0,AWGN,42,6,3,1
msg006_wpm20_snr+20db,VA3PARC DE VA3FMU RR TNX ALL OK HR,...- .- ...-- .--. .- .-. -.-. / -.. . / ...- .- ...-- ..-. -- ..- / .-. .-. / - -. -..- / .- .-.. .-.. / --- -.- / .... .-.,msg006_wpm20_clean.npy,msg006_wpm20_snr+20db_tone700.npy,msg006_wpm20_snr+20db_tone700.wav,6,20,20,20.000244,700,8000,5.0,AWGN,42,6,3,2
msg006_wpm20_snr+10db,VA3PARC DE VA3FMU RR TNX ALL OK HR,...- .- ...-- .--. .- .-. -.-. / -.. . / ...- .- ...-- ..-. -- ..- / .-. .-. / - -. -..- / .- .-.. .-.. / --- -.- / .... .-.,msg006_wpm20_clean.npy,msg006_wpm20_snr+10db_tone700.npy,msg006_wpm20_snr+10db_tone700.wav,6,20,10,10.014969,700,8000,5.0,AWGN,42,6,3,3
msg006_wpm20_snr+05db,VA3PARC DE VA3FMU RR TNX ALL OK HR,...- .- ...-- .--. .- .-. -.-. / -.. . / ...- .- ...-- ..-. -- ..- / .-. .-. / - -. -..- / .- .-.. .-.. / --- -.- / .... .-.,msg006_wpm20_clean.npy,msg006_wpm20_snr+05db_tone700.npy,msg006_wpm20_snr+05db_tone700.wav,6,20,5,5.019347,700,8000,5.0,AWGN,42,6,3,4
msg006_wpm20_snr+00db,VA3PARC DE VA3FMU RR TNX ALL OK HR,...- .- ...-- .--. .- .-. -.-. / -.. . / ...- .- ...-- ..-. -- ..- / .-. .-. / - -. -..- / .- .-.. .-.. / --- -.- / .... .-.,msg006_wpm20_clean.npy,msg006_wpm20_snr+00db_tone700.npy,msg006_wpm20_snr+00db_tone700.wav,6,20,0,-0.0064050267,700,8000,5.0,AWGN,42,6,3,5
msg006_wpm20_snr-05db,VA3PARC DE VA3FMU RR TNX ALL OK HR,...- .- ...-- .--. .- .-. -.-. / -.. . / ...- .- ...-- ..-. -- ..- / .-. .-. / - -. -..- / .- .-.. .-.. / --- -.- / .... .-.,msg006_wpm20_clean.npy,msg006_wpm20_snr-05db_tone700.npy,msg006_wpm20_snr-05db_tone700.wav,6,20,-5,-5.0082884,700,8000,5.0,AWGN,42,6,3,6
msg006_wpm20_snr-10db,VA3PARC DE VA3FMU RR TNX ALL OK HR,...- .- ...-- .--. .- .-. -.-. / -.. . / ...- .- ...-- ..-. -- ..- / .-. .-. / - -. -..- / .- .-.. .-.. / --- -.- / .... .-.,msg006_wpm20_clean.npy,msg006_wpm20_snr-10db_tone700.npy,msg006_wpm20_snr-10db_tone700.wav,6,20,-10,-9.99246,700,8000,5.0,AWGN,42,6,3,7
msg006_wpm25_snr+40db,VA3PARC DE VA3FMU RR TNX ALL OK HR,...- .- ...-- .--. .- .-. -.-. / -.. . / ...- .- ...-- ..-. -- ..- / .-. .-. / - -. -..- / .- .-.. .-.. / --- -.- / .... .-.,msg006_wpm25_clean.npy,msg006_wpm25_snr+40db_tone700.npy,msg006_wpm25_snr+40db_tone700.wav,6,25,40,39.984592,700,8000,5.0,AWGN,42,6,4,0
msg006_wpm25_snr+30db,VA3PARC DE VA3FMU RR TNX ALL OK HR,...- .- ...-- .--. .- .-. -.-. / -.. . / ...- .- ...-- ..-. -- ..- / .-. .-. / - -. -..- / .- .-.. .-.. / --- -.- / .... .-.,msg006_wpm25_clean.npy,msg006_wpm25_snr+30db_tone700.npy,msg006_wpm25_snr+30db_tone700.wav,6,25,30,30.006626,700,8000,5.0,AWGN,42,6,4,1
msg006_wpm25_snr+20db,VA3PARC DE VA3FMU RR TNX ALL OK HR,...- .- ...-- .--. .- .-. -.-. / -.. . / ...- .- ...-- ..-. -- ..- / .-. .-. / - -. -..- / .- .-.. .-.. / --- -.- / .... .-.,msg006_wpm25_clean.npy,msg006_wpm25_snr+20db_tone700.npy,msg006_wpm25_snr+20db_tone700.wav,6,25,20,20.008032,700,8000,5.0,AWGN,42,6,4,2
msg006_wpm25_snr+10db,VA3PARC DE VA3FMU RR TNX ALL OK HR,...- .- ...-- .--. .- .-. -.-. / -.. . / ...- .- ...-- ..-. -- ..- / .-. .-. / - -. -..- / .- .-.. .-.. / --- -.- / .... .-.,msg006_wpm25_clean.npy,msg006_wpm25_snr+10db_tone700.npy,msg006_wpm25_snr+10db_tone700.wav,6,25,10,9.991806,700,8000,5.0,AWGN,42,6,4,3
msg006_wpm25_snr+05db,VA3PARC DE VA3FMU RR TNX ALL OK HR,...- .- ...-- .--. .- .-. -.-. / -.. . / ...- .- ...-- ..-. -- ..- / .-. .-. / - -. -..- / .- .-.. .-.. / --- -.- / .... .-.,msg006_wpm25_clean.npy,msg006_wpm25_snr+05db_tone700.npy,msg006_wpm25_snr+05db_tone700.wav,6,25,5,5.0396876,700,8000,5.0,AWGN,42,6,4,4
msg006_wpm25_snr+00db,VA3PARC DE VA3FMU RR TNX ALL OK HR,...- .- ...-- .--. .- .-. -.-. / -.. . / ...- .- ...-- ..-. -- ..- / .-. .-. / - -. -..- / .- .-.. .-.. / --- -.- / .... .-.,msg006_wpm25_clean.npy,msg006_wpm25_snr+00db_tone700.npy,msg006_wpm25_snr+00db_tone700.wav,6,25,0,-0.030428655,700,8000,5.0,AWGN,42,6,4,5
msg006_wpm25_snr-05db,VA3PARC DE VA3FMU RR TNX ALL OK HR,...- .- ...-- .--. .- .-. -.-. / -.. . / ...- .- ...-- ..-. -- ..- / .-. .-. / - -. -..- / .- .-.. .-.. / --- -.- / .... .-.,msg006_wpm25_clean.npy,msg006_wpm25_snr-05db_tone700.npy,msg006_wpm25_snr-05db_tone700.wav,6,25,-5,-4.9910965,700,8000,5.0,AWGN,42,6,4,6
msg006_wpm25_snr-10db,VA3PARC DE VA3FMU RR TNX ALL OK HR,...- .- ...-- .--. .- .-. -.-. / -.. . / ...- .- ...-- ..-. -- ..- / .-. .-. / - -. -..- / .- .-.. .-.. / --- -.- / .... .-.,msg006_wpm25_clean.npy,msg006_wpm25_snr-10db_tone700.npy,msg006_wpm25_snr-10db_tone700.wav,6,25,-10,-10.021269,700,8000,5.0,AWGN,42,6,4,7
msg006_wpm30_snr+40db,VA3PARC DE VA3FMU RR TNX ALL OK HR,...- .- ...-- .--. .- .-. -.-. / -.. . / ...- .- ...-- ..-. -- ..- / .-. .-. / - -. -..- / .- .-.. .-.. / --- -.- / .... .-.,msg006_wpm30_clean.npy,msg006_wpm30_snr+40db_tone700.npy,msg006_wpm30_snr+40db_tone700.wav,6,30,40,40.025887,700,8000,5.0,AWGN,42,6,5,0
msg006_wpm30_snr+30db,VA3PARC DE VA3FMU RR TNX ALL OK HR,...- .- ...-- .--. .- .-. -.-. / -.. . / ...- .- ...-- ..-. -- ..- / .-. .-. / - -. -..- / .- .-.. .-.. / --- -.- / .... .-.,msg006_wpm30_clean.npy,msg006_wpm30_snr+30db_tone700.npy,msg006_wpm30_snr+30db_tone700.wav,6,30,30,30.038004,700,8000,5.0,AWGN,42,6,5,1
msg006_wpm30_snr+20db,VA3PARC DE VA3FMU RR TNX ALL OK HR,...- .- ...-- .--. .- .-. -.-. / -.. . / ...- .- ...-- ..-. -- ..- / .-. .-. / - -. -..- / .- .-.. .-.. / --- -.- / .... .-.,msg006_wpm30_clean.npy,msg006_wpm30_snr+20db_tone700.npy,msg006_wpm30_snr+20db_tone700.wav,6,30,20,20.005419,700,8000,5.0,AWGN,42,6,5,2
msg006_wpm30_snr+10db,VA3PARC DE VA3FMU RR TNX ALL OK HR,...- .- ...-- .--. .- .-. -.-. / -.. . / ...- .- ...-- ..-. -- ..- / .-. .-. / - -. -..- / .- .-.. .-.. / --- -.- / .... .-.,msg006_wpm30_clean.npy,msg006_wpm30_snr+10db_tone700.npy,msg006_wpm30_snr+10db_tone700.wav,6,30,10,9.942447,700,8000,5.0,AWGN,42,6,5,3
msg006_wpm30_snr+05db,VA3PARC DE VA3FMU RR TNX ALL OK HR,...- .- ...-- .--. .- .-. -.-. / -.. . / ...- .- ...-- ..-. -- ..- / .-. .-. / - -. -..- / .- .-.. .-.. / --- -.- / .... .-.,msg006_wpm30_clean.npy,msg006_wpm30_snr+05db_tone700.npy,msg006_wpm30_snr+05db_tone700.wav,6,30,5,5.034523,700,8000,5.0,AWGN,42,6,5,4
msg006_wpm30_snr+00db,VA3PARC DE VA3FMU RR TNX ALL OK HR,...- .- ...-- .--. .- .-. -.-. / -.. . / ...- .- ...-- ..-. -- ..- / .-. .-. / - -. -..- / .- .-.. .-.. / --- -.- / .... .-.,msg006_wpm30_clean.npy,msg006_wpm30_snr+00db_tone700.npy,msg006_wpm30_snr+00db_tone700.wav,6,30,0,-0.023112588,700,8000,5.0,AWGN,42,6,5,5
msg006_wpm30_snr-05db,VA3PARC DE VA3FMU RR TNX ALL OK HR,...- .- ...-- .--. .- .-. -.-. / -.. . / ...- .- ...-- ..-. -- ..- / .-. .-. / - -. -..- / .- .-.. .-.. / --- -.- / .... .-.,msg006_wpm30_clean.npy,msg006_wpm30_snr-05db_tone700.npy,msg006_wpm30_snr-05db_tone700.wav,6,30,-5,-5.0039806,700,8000,5.0,AWGN,42,6,5,6
msg006_wpm30_snr-10db,VA3PARC DE VA3FMU RR TNX ALL OK HR,...- .- ...-- .--. .- .-. -.-. / -.. . / ...- .- ...-- ..-. -- ..- / .-. .-. / - -. -..- / .- .-.. .-.. / --- -.- / .... .-.,msg006_wpm30_clean.npy,msg006_wpm30_snr-10db_tone700.npy,msg006_wpm30_snr-10db_tone700.wav,6,30,-10,-9.99611,700,8000,5.0,AWGN,42,6,5,7
msg007_wpm05_snr+40db,VA3PARC DE VA3FMU RR FB TNX QSO HPE CU AGN 73 ES GUD DX VA3PARC DE VA3FMU <SK>,...- .- ...-- .--. .- .-. -.-. / -.. . / ...- .- ...-- ..-. -- ..- / .-. .-. / ..-. -... / - -. -..- / --.- ... --- / .... .--. . / -.-. ..- / .- --. -. / --... ...-- / . ... / --. ..- -.. / -.. -..- / ...- .- ...-- .--. .- .-. -.-. / -.. . / ...- .- ...-- ..-. -- ..- / ...-.-,msg007_wpm05_clean.npy,msg007_wpm05_snr+40db_tone700.npy,msg007_wpm05_snr+40db_tone700.wav,7,5,40,40.003925,700,8000,5.0,AWGN,42,7,0,0
msg007_wpm05_snr+30db,VA3PARC DE VA3FMU RR FB TNX QSO HPE CU AGN 73 ES GUD DX VA3PARC DE VA3FMU <SK>,...- .- ...-- .--. .- .-. -.-. / -.. . / ...- .- ...-- ..-. -- ..- / .-. .-. / ..-. -... / - -. -..- / --.- ... --- / .... .--. . / -.-. ..- / .- --. -. / --... ...-- / . ... / --. ..- -.. / -.. -..- / ...- .- ...-- .--. .- .-. -.-. / -.. . / ...- .- ...-- ..-. -- ..- / ...-.-,msg007_wpm05_clean.npy,msg007_wpm05_snr+30db_tone700.npy,msg007_wpm05_snr+30db_tone700.wav,7,5,30,30.007664,700,8000,5.0,AWGN,42,7,0,1
msg007_wpm05_snr+20db,VA3PARC DE VA3FMU RR FB TNX QSO HPE CU AGN 73 ES GUD DX VA3PARC DE VA3FMU <SK>,...- .- ...-- .--. .- .-. -.-. / -.. . / ...- .- ...-- ..-. -- ..- / .-. .-. / ..-. -... / - -. -..- / --.- ... --- / .... .--. . / -.-. ..- / .- --. -. / --... ...-- / . ... / --. ..- -.. / -.. -..- / ...- .- ...-- .--. .- .-. -.-. / -.. . / ...- .- ...-- ..-. -- ..- / ...-.-,msg007_wpm05_clean.npy,msg007_wpm05_snr+20db_tone700.npy,msg007_wpm05_snr+20db_tone700.wav,7,5,20,20.00823,700,8000,5.0,AWGN,42,7,0,2
msg007_wpm05_snr+10db,VA3PARC DE VA3FMU RR FB TNX QSO HPE CU AGN 73 ES GUD DX VA3PARC DE VA3FMU <SK>,...- .- ...-- .--. .- .-. -.-. / -.. . / ...- .- ...-- ..-. -- ..- / .-. .-. / ..-. -... / - -. -..- / --.- ... --- / .... .--. . / -.-. ..- / .- --. -. / --... ...-- / . ... / --. ..- -.. / -.. -..- / ...- .- ...-- .--. .- .-. -.-. / -.. . / ...- .- ...-- ..-. -- ..- / ...-.-,msg007_wpm05_clean.npy,msg007_wpm05_snr+10db_tone700.npy,msg007_wpm05_snr+10db_tone700.wav,7,5,10,9.998939,700,8000,5.0,AWGN,42,7,0,3
msg007_wpm05_snr+05db,VA3PARC DE VA3FMU RR FB TNX QSO HPE CU AGN 73 ES GUD DX VA3PARC DE VA3FMU <SK>,...- .- ...-- .--. .- .-. -.-. / -.. . / ...- .- ...-- ..-. -- ..- / .-. .-. / ..-. -... / - -. -..- / --.- ... --- / .... .--. . / -.-. ..- / .- --. -. / --... ...-- / . ... / --. ..- -.. / -.. -..- / ...- .- ...-- .--. .- .-. -.-. / -.. . / ...- .- ...-- ..-. -- ..- / ...-.-,msg007_wpm05_clean.npy,msg007_wpm05_snr+05db_tone700.npy,msg007_wpm05_snr+05db_tone700.wav,7,5,5,4.9944167,700,8000,5.0,AWGN,42,7,0,4
msg007_wpm05_snr+00db,VA3PARC DE VA3FMU RR FB TNX QSO HPE CU AGN 73 ES GUD DX VA3PARC DE VA3FMU <SK>,...- .- ...-- .--. .- .-. -.-. / -.. . / ...- .- ...-- ..-. -- ..- / .-. .-. / ..-. -... / - -. -..- / --.- ... --- / .... .--. . / -.-. ..- / .- --. -. / --... ...-- / . ... / --. ..- -.. / -.. -..- / ...- .- ...-- .--. .- .-. -.-. / -.. . / ...- .- ...-- ..-. -- ..- / ...-.-,msg007_wpm05_clean.npy,msg007_wpm05_snr+00db_tone700.npy,msg007_wpm05_snr+00db_tone700.wav,7,5,0,-0.006390509,700,8000,5.0,AWGN,42,7,0,5
msg007_wpm05_snr-05db,VA3PARC DE VA3FMU RR FB TNX QSO HPE CU AGN 73 ES GUD DX VA3PARC DE VA3FMU <SK>,...- .- ...-- .--. .- .-. -.-. / -.. . / ...- .- ...-- ..-. -- ..- / .-. .-. / ..-. -... / - -. -..- / --.- ... --- / .... .--. . / -.-. ..- / .- --. -. / --... ...-- / . ... / --. ..- -.. / -.. -..- / ...- .- ...-- .--. .- .-. -.-. / -.. . / ...- .- ...-- ..-. -- ..- / ...-.-,msg007_wpm05_clean.npy,msg007_wpm05_snr-05db_tone700.npy,msg007_wpm05_snr-05db_tone700.wav,7,5,-5,-4.990164,700,8000,5.0,AWGN,42,7,0,6
msg007_wpm05_snr-10db,VA3PARC DE VA3FMU RR FB TNX QSO HPE CU AGN 73 ES GUD DX VA3PARC DE VA3FMU <SK>,...- .- ...-- .--. .- .-. -.-. / -.. . / ...- .- ...-- ..-. -- ..- / .-. .-. / ..-. -... / - -. -..- / --.- ... --- / .... .--. . / -.-. ..- / .- --. -. / --... ...-- / . ... / --. ..- -.. / -.. -..- / ...- .- ...-- .--. .- .-. -.-. / -.. . / ...- .- ...-- ..-. -- ..- / ...-.-,msg007_wpm05_clean.npy,msg007_wpm05_snr-10db_tone700.npy,msg007_wpm05_snr-10db_tone700.wav,7,5,-10,-9.994547,700,8000,5.0,AWGN,42,7,0,7
msg007_wpm10_snr+40db,VA3PARC DE VA3FMU RR FB TNX QSO HPE CU AGN 73 ES GUD DX VA3PARC DE VA3FMU <SK>,...- .- ...-- .--. .- .-. -.-. / -.. . / ...- .- ...-- ..-. -- ..- / .-. .-. / ..-. -... / - -. -..- / --.- ... --- / .... .--. . / -.-. ..- / .- --. -. / --... ...-- / . ... / --. ..- -.. / -.. -..- / ...- .- ...-- .--. .- .-. -.-. / -.. . / ...- .- ...-- ..-. -- ..- / ...-.-,msg007_wpm10_clean.npy,msg007_wpm10_snr+40db_tone700.npy,msg007_wpm10_snr+40db_tone700.wav,7,10,40,40.00057,700,8000,5.0,AWGN,42,7,1,0
msg007_wpm10_snr+30db,VA3PARC DE VA3FMU RR FB TNX QSO HPE CU AGN 73 ES GUD DX VA3PARC DE VA3FMU <SK>,...- .- ...-- .--. .- .-. -.-. / -.. . / ...- .- ...-- ..-. -- ..- / .-. .-. / ..-. -... / - -. -..- / --.- ... --- / .... .--. . / -.-. ..- / .- --. -. / --... ...-- / . ... / --. ..- -.. / -.. -..- / ...- .- ...-- .--. .- .-. -.-. / -.. . / ...- .- ...-- ..-. -- ..- / ...-.-,msg007_wpm10_clean.npy,msg007_wpm10_snr+30db_tone700.npy,msg007_wpm10_snr+30db_tone700.wav,7,10,30,29.97631,700,8000,5.0,AWGN,42,7,1,1
msg007_wpm10_snr+20db,VA3PARC DE VA3FMU RR FB TNX QSO HPE CU AGN 73 ES GUD DX VA3PARC DE VA3FMU <SK>,...- .- ...-- .--. .- .-. -.-. / -.. . / ...- .- ...-- ..-. -- ..- / .-. .-. / ..-. -... / - -. -..- / --.- ... --- / .... .--. . / -.-. ..- / .- --. -. / --... ...-- / . ... / --. ..- -.. / -.. -..- / ...- .- ...-- .--. .- .-. -.-. / -.. . / ...- .- ...-- ..-. -- ..- / ...-.-,msg007_wpm10_clean.npy,msg007_wpm10_snr+20db_tone700.npy,msg007_wpm10_snr+20db_tone700.wav,7,10,20,19.988602,700,8000,5.0,AWGN,42,7,1,2
msg007_wpm10_snr+10db,VA3PARC DE VA3FMU RR FB TNX QSO HPE CU AGN 73 ES GUD DX VA3PARC DE VA3FMU <SK>,...- .- ...-- .--. .- .-. -.-. / -.. . / ...- .- ...-- ..-. -- ..- / .-. .-. / ..-. -... / - -. -..- / --.- ... --- / .... .--. . / -.-. ..- / .- --. -. / --... ...-- / . ... / --. ..- -.. / -.. -..- / ...- .- ...-- .--. .- .-. -.-. / -.. . / ...- .- ...-- ..-. -- ..- / ...-.-,msg007_wpm10_clean.npy,msg007_wpm10_snr+10db_tone700.npy,msg007_wpm10_snr+10db_tone700.wav,7,10,10,10.006896,700,8000,5.0,AWGN,42,7,1,3
msg007_wpm10_snr+05db,VA3PARC DE VA3FMU RR FB TNX QSO HPE CU AGN 73 ES GUD DX VA3PARC DE VA3FMU <SK>,...- .- ...-- .--. .- .-. -.-. / -.. . / ...- .- ...-- ..-. -- ..- / .-. .-. / ..-. -... / - -. -..- / --.- ... --- / .... .--. . / -.-. ..- / .- --. -. / --... ...-- / . ... / --. ..- -.. / -.. -..- / ...- .- ...-- .--. .- .-. -.-. / -.. . / ...- .- ...-- ..-. -- ..- / ...-.-,msg007_wpm10_clean.npy,msg007_wpm10_snr+05db_tone700.npy,msg007_wpm10_snr+05db_tone700.wav,7,10,5,5.0014534,700,8000,5.0,AWGN,42,7,1,4
msg007_wpm10_snr+00db,VA3PARC DE VA3FMU RR FB TNX QSO HPE CU AGN 73 ES GUD DX VA3PARC DE VA3FMU <SK>,...- .- ...-- .--. .- .-. -.-. / -.. . / ...- .- ...-- ..-. -- ..- / .-. .-. / ..-. -... / - -. -..- / --.- ... --- / .... .--. . / -.-. ..- / .- --. -. / --... ...-- / . ... / --. ..- -.. / -.. -..- / ...- .- ...-- .--. .- .-. -.-. / -.. . / ...- .- ...-- ..-. -- ..- / ...-.-,msg007_wpm10_clean.npy,msg007_wpm10_snr+00db_tone700.npy,msg007_wpm10_snr+00db_tone700.wav,7,10,0,-0.003506116,700,8000,5.0,AWGN,42,7,1,5
msg007_wpm10_snr-05db,VA3PARC DE VA3FMU RR FB TNX QSO HPE CU AGN 73 ES GUD DX VA3PARC DE VA3FMU <SK>,...- .- ...-- .--. .- .-. -.-. / -.. . / ...- .- ...-- ..-. -- ..- / .-. .-. / ..-. -... / - -. -..- / --.- ... --- / .... .--. . / -.-. ..- / .- --. -. / --... ...-- / . ... / --. ..- -.. / -.. -..- / ...- .- ...-- .--. .- .-. -.-. / -.. . / ...- .- ...-- ..-. -- ..- / ...-.-,msg007_wpm10_clean.npy,msg007_wpm10_snr-05db_tone700.npy,msg007_wpm10_snr-05db_tone700.wav,7,10,-5,-4.9921923,700,8000,5.0,AWGN,42,7,1,6
msg007_wpm10_snr-10db,VA3PARC DE VA3FMU RR FB TNX QSO HPE CU AGN 73 ES GUD DX VA3PARC DE VA3FMU <SK>,...- .- ...-- .--. .- .-. -.-. / -.. . / ...- .- ...-- ..-. -- ..- / .-. .-. / ..-. -... / - -. -..- / --.- ... --- / .... .--. . / -.-. ..- / .- --. -. / --... ...-- / . ... / --. ..- -.. / -.. -..- / ...- .- ...-- .--. .- .-. -.-. / -.. . / ...- .- ...-- ..-. -- ..- / ...-.-,msg007_wpm10_clean.npy,msg007_wpm10_snr-10db_tone700.npy,msg007_wpm10_snr-10db_tone700.wav,7,10,-10,-9.998161,700,8000,5.0,AWGN,42,7,1,7
msg007_wpm15_snr+40db,VA3PARC DE VA3FMU RR FB TNX QSO HPE CU AGN 73 ES GUD DX VA3PARC DE VA3FMU <SK>,...- .- ...-- .--. .- .-. -.-. / -.. . / ...- .- ...-- ..-. -- ..- / .-. .-. / ..-. -... / - -. -..- / --.- ... --- / .... .--. . / -.-. ..- / .- --. -. / --... ...-- / . ... / --. ..- -.. / -.. -..- / ...- .- ...-- .--. .- .-. -.-. / -.. . / ...- .- ...-- ..-. -- ..- / ...-.-,msg007_wpm15_clean.npy,msg007_wpm15_snr+40db_tone700.npy,msg007_wpm15_snr+40db_tone700.wav,7,15,40,39.9799,700,8000,5.0,AWGN,42,7,2,0
msg007_wpm15_snr+30db,VA3PARC DE VA3FMU RR FB TNX QSO HPE CU AGN 73 ES GUD DX VA3PARC DE VA3FMU <SK>,...- .- ...-- .--. .- .-. -.-. / -.. . / ...- .- ...-- ..-. -- ..- / .-. .-. / ..-. -... / - -. -..- / --.- ... --- / .... .--. . / -.-. ..- / .- --. -. / --... ...-- / . ... / --. ..- -.. / -.. -..- / ...- .- ...-- .--. .- .-. -.-. / -.. . / ...- .- ...-- ..-. -- ..- / ...-.-,msg007_wpm15_clean.npy,msg007_wpm15_snr+30db_tone700.npy,msg007_wpm15_snr+30db_tone700.wav,7,15,30,30.005743,700,8000,5.0,AWGN,42,7,2,1
msg007_wpm15_snr+20db,VA3PARC DE VA3FMU RR FB TNX QSO HPE CU AGN 73 ES GUD DX VA3PARC DE VA3FMU <SK>,...- .- ...-- .--. .- .-. -.-. / -.. . / ...- .- ...-- ..-. -- ..- / .-. .-. / ..-. -... / - -. -..- / --.- ... --- / .... .--. . / -.-. ..- / .- --. -. / --... ...-- / . ... / --. ..- -.. / -.. -..- / ...- .- ...-- .--. .- .-. -.-. / -.. . / ...- .- ...-- ..-. -- ..- / ...-.-,msg007_wpm15_clean.npy,msg007_wpm15_snr+20db_tone700.npy,msg007_wpm15_snr+20db_tone700.wav,7,15,20,19.995094,700,8000,5.0,AWGN,42,7,2,2
msg007_wpm15_snr+10db,VA3PARC DE VA3FMU RR FB TNX QSO HPE CU AGN 73 ES GUD DX VA3PARC DE VA3FMU <SK>,...- .- ...-- .--. .- .-. -.-. / -.. . / ...- .- ...-- ..-. -- ..- / .-. .-. / ..-. -... / - -. -..- / --.- ... --- / .... .--. . / -.-. ..- / .- --. -. / --... ...-- / . ... / --. ..- -.. / -.. -..- / ...- .- ...-- .--. .- .-. -.-. / -.. . / ...- .- ...-- ..-. -- ..- / ...-.-,msg007_wpm15_clean.npy,msg007_wpm15_snr+10db_tone700.npy,msg007_wpm15_snr+10db_tone700.wav,7,15,10,10.011984,700,8000,5.0,AWGN,42,7,2,3
msg007_wpm15_snr+05db,VA3PARC DE VA3FMU RR FB TNX QSO HPE CU AGN 73 ES GUD DX VA3PARC DE VA3FMU <SK>,...- .- ...-- .--. .- .-. -.-. / -.. . / ...- .- ...-- ..-. -- ..- / .-. .-. / ..-. -... / - -. -..- / --.- ... --- / .... .--. . / -.-. ..- / .- --. -. / --... ...-- / . ... / --. ..- -.. / -.. -..- / ...- .- ...-- .--. .- .-. -.-. / -.. . / ...- .- ...-- ..-. -- ..- / ...-.-,msg007_wpm15_clean.npy,msg007_wpm15_snr+05db_tone700.npy,msg007_wpm15_snr+05db_tone700.wav,7,15,5,4.987849,700,8000,5.0,AWGN,42,7,2,4
msg007_wpm15_snr+00db,VA3PARC DE VA3FMU RR FB TNX QSO HPE CU AGN 73 ES GUD DX VA3PARC DE VA3FMU <SK>,...- .- ...-- .--. .- .-. -.-. / -.. . / ...- .- ...-- ..-. -- ..- / .-. .-. / ..-. -... / - -. -..- / --.- ... --- / .... .--. . / -.-. ..- / .- --. -. / --... ...-- / . ... / --. ..- -.. / -.. -..- / ...- .- ...-- .--. .- .-. -.-. / -.. . / ...- .- ...-- ..-. -- ..- / ...-.-,msg007_wpm15_clean.npy,msg007_wpm15_snr+00db_tone700.npy,msg007_wpm15_snr+00db_tone700.wav,7,15,0,-0.0030004433,700,8000,5.0,AWGN,42,7,2,5
msg007_wpm15_snr-05db,VA3PARC DE VA3FMU RR FB TNX QSO HPE CU AGN 73 ES GUD DX VA3PARC DE VA3FMU <SK>,...- .- ...-- .--. .- .-. -.-. / -.. . / ...- .- ...-- ..-. -- ..- / .-. .-. / ..-. -... / - -. -..- / --.- ... --- / .... .--. . / -.-. ..- / .- --. -. / --... ...-- / . ... / --. ..- -.. / -.. -..- / ...- .- ...-- .--. .- .-. -.-. / -.. . / ...- .- ...-- ..-. -- ..- / ...-.-,msg007_wpm15_clean.npy,msg007_wpm15_snr-05db_tone700.npy,msg007_wpm15_snr-05db_tone700.wav,7,15,-5,-4.9974318,700,8000,5.0,AWGN,42,7,2,6
msg007_wpm15_snr-10db,VA3PARC DE VA3FMU RR FB TNX QSO HPE CU AGN 73 ES GUD DX VA3PARC DE VA3FMU <SK>,...- .- ...-- .--. .- .-. -.-. / -.. . / ...- .- ...-- ..-. -- ..- / .-. .-. / ..-. -... / - -. -..- / --.- ... --- / .... .--. . / -.-. ..- / .- --. -. / --... ...-- / . ... / --. ..- -.. / -.. -..- / ...- .- ...-- .--. .- .-. -.-. / -.. . / ...- .- ...-- ..-. -- ..- / ...-.-,msg007_wpm15_clean.npy,msg007_wpm15_snr-10db_tone700.npy,msg007_wpm15_snr-10db_tone700.wav,7,15,-10,-9.9998255,700,8000,5.0,AWGN,42,7,2,7
msg007_wpm20_snr+40db,VA3PARC DE VA3FMU RR FB TNX QSO HPE CU AGN 73 ES GUD DX VA3PARC DE VA3FMU <SK>,...- .- ...-- .--. .- .-. -.-. / -.. . / ...- .- ...-- ..-. -- ..- / .-. .-. / ..-. -... / - -. -..- / --.- ... --- / .... .--. . / -.-. ..- / .- --. -. / --... ...-- / . ... / --. ..- -.. / -.. -..- / ...- .- ...-- .--. .- .-. -.-. / -.. . / ...- .- ...-- ..-. -- ..- / ...-.-,msg007_wpm20_clean.npy,msg007_wpm20_snr+40db_tone700.npy,msg007_wpm20_snr+40db_tone700.wav,7,20,40,40.016388,700,8000,5.0,AWGN,42,7,3,0
msg007_wpm20_snr+30db,VA3PARC DE VA3FMU RR FB TNX QSO HPE CU AGN 73 ES GUD DX VA3PARC DE VA3FMU <SK>,...- .- ...-- .--. .- .-. -.-. / -.. . / ...- .- ...-- ..-. -- ..- / .-. .-. / ..-. -... / - -. -..- / --.- ... --- / .... .--. . / -.-. ..- / .- --. -. / --... ...-- / . ... / --. ..- -.. / -.. -..- / ...- .- ...-- .--. .- .-. -.-. / -.. . / ...- .- ...-- ..-. -- ..- / ...-.-,msg007_wpm20_clean.npy,msg007_wpm20_snr+30db_tone700.npy,msg007_wpm20_snr+30db_tone700.wav,7,20,30,29.99356,700,8000,5.0,AWGN,42,7,3,1
msg007_wpm20_snr+20db,VA3PARC DE VA3FMU RR FB TNX QSO HPE CU AGN 73 ES GUD DX VA3PARC DE VA3FMU <SK>,...- .- ...-- .--. .- .-. -.-. / -.. . / ...- .- ...-- ..-. -- ..- / .-. .-. / ..-. -... / - -. -..- / --.- ... --- / .... .--. . / -.-. ..- / .- --. -. / --... ...-- / . ... / --. ..- -.. / -.. -..- / ...- .- ...-- .--. .- .-. -.-. / -.. . / ...- .- ...-- ..-. -- ..- / ...-.-,msg007_wpm20_clean.npy,msg007_wpm20_snr+20db_tone700.npy,msg007_wpm20_snr+20db_tone700.wav,7,20,20,19.997074,700,8000,5.0,AWGN,42,7,3,2
msg007_wpm20_snr+10db,VA3PARC DE VA3FMU RR FB TNX QSO HPE CU AGN 73 ES GUD DX VA3PARC DE VA3FMU <SK>,...- .- ...-- .--. .- .-. -.-. / -.. . / ...- .- ...-- ..-. -- ..- / .-. .-. / ..-. -... / - -. -..- / --.- ... --- / .... .--. . / -.-. ..- / .- --. -. / --... ...-- / . ... / --. ..- -.. / -.. -..- / ...- .- ...-- .--. .- .-. -.-. / -.. . / ...- .- ...-- ..-. -- ..- / ...-.-,msg007_wpm20_clean.npy,msg007_wpm20_snr+10db_tone700.npy,msg007_wpm20_snr+10db_tone700.wav,7,20,10,10.019192,700,8000,5.0,AWGN,42,7,3,3
msg007_wpm20_snr+05db,VA3PARC DE VA3FMU RR FB TNX QSO HPE CU AGN 73 ES GUD DX VA3PARC DE VA3FMU <SK>,...- .- ...-- .--. .- .-. -.-. / -.. . / ...- .- ...-- ..-. -- ..- / .-. .-. / ..-. -... / - -. -..- / --.- ... --- / .... .--. . / -.-. ..- / .- --. -. / --... ...-- / . ... / --. ..- -.. / -.. -..- / ...- .- ...-- .--. .- .-. -.-. / -.. . / ...- .- ...-- ..-. -- ..- / ...-.-,msg007_wpm20_clean.npy,msg007_wpm20_snr+05db_tone700.npy,msg007_wpm20_snr+05db_tone700.wav,7,20,5,5.0048256,700,8000,5.0,AWGN,42,7,3,4
msg007_wpm20_snr+00db,VA3PARC DE VA3FMU RR FB TNX QSO HPE CU AGN 73 ES GUD DX VA3PARC DE VA3FMU <SK>,...- .- ...-- .--. .- .-. -.-. / -.. . / ...- .- ...-- ..-. -- ..- / .-. .-. / ..-. -... / - -. -..- / --.- ... --- / .... .--. . / -.-. ..- / .- --. -. / --... ...-- / . ... / --. ..- -.. / -.. -..- / ...- .- ...-- .--. .- .-. -.-. / -.. . / ...- .- ...-- ..-. -- ..- / ...-.-,msg007_wpm20_clean.npy,msg007_wpm20_snr+00db_tone700.npy,msg007_wpm20_snr+00db_tone700.wav,7,20,0,0.004953302,700,8000,5.0,AWGN,42,7,3,5
msg007_wpm20_snr-05db,VA3PARC DE VA3FMU RR FB TNX QSO HPE CU AGN 73 ES GUD DX VA3PARC DE VA3FMU <SK>,...- .- ...-- .--. .- .-. -.-. / -.. . / ...- .- ...-- ..-. -- ..- / .-. .-. / ..-. -... / - -. -..- / --.- ... --- / .... .--. . / -.-. ..- / .- --. -. / --... ...-- / . ... / --. ..- -.. / -.. -..- / ...- .- ...-- .--. .- .-. -.-. / -.. . / ...- .- ...-- ..-. -- ..- / ...-.-,msg007_wpm20_clean.npy,msg007_wpm20_snr-05db_tone700.npy,msg007_wpm20_snr-05db_tone700.wav,7,20,-5,-5.0063443,700,8000,5.0,AWGN,42,7,3,6
msg007_wpm20_snr-10db,VA3PARC DE VA3FMU RR FB TNX QSO HPE CU AGN 73 ES GUD DX VA3PARC DE VA3FMU <SK>,...- .- ...-- .--. .- .-. -.-. / -.. . / ...- .- ...-- ..-. -- ..- / .-. .-. / ..-. -... / - -. -..- / --.- ... --- / .... .--. . / -.-. ..- / .- --. -. / --... ...-- / . ... / --. ..- -.. / -.. -..- / ...- .- ...-- .--. .- .-. -.-. / -.. . / ...- .- ...-- ..-. -- ..- / ...-.-,msg007_wpm20_clean.npy,msg007_wpm20_snr-10db_tone700.npy,msg007_wpm20_snr-10db_tone700.wav,7,20,-10,-10.021258,700,8000,5.0,AWGN,42,7,3,7
msg007_wpm25_snr+40db,VA3PARC DE VA3FMU RR FB TNX QSO HPE CU AGN 73 ES GUD DX VA3PARC DE VA3FMU <SK>,...- .- ...-- .--. .- .-. -.-. / -.. . / ...- .- ...-- ..-. -- ..- / .-. .-. / ..-. -... / - -. -..- / --.- ... --- / .... .--. . / -.-. ..- / .- --. -. / --... ...-- / . ... / --. ..- -.. / -.. -..- / ...- .- ...-- .--. .- .-. -.-. / -.. . / ...- .- ...-- ..-. -- ..- / ...-.-,msg007_wpm25_clean.npy,msg007_wpm25_snr+40db_tone700.npy,msg007_wpm25_snr+40db_tone700.wav,7,25,40,40.000694,700,8000,5.0,AWGN,42,7,4,0
msg007_wpm25_snr+30db,VA3PARC DE VA3FMU RR FB TNX QSO HPE CU AGN 73 ES GUD DX VA3PARC DE VA3FMU <SK>,...- .- ...-- .--. .- .-. -.-. / -.. . / ...- .- ...-- ..-. -- ..- / .-. .-. / ..-. -... / - -. -..- / --.- ... --- / .... .--. . / -.-. ..- / .- --. -. / --... ...-- / . ... / --. ..- -.. / -.. -..- / ...- .- ...-- .--. .- .-. -.-. / -.. . / ...- .- ...-- ..-. -- ..- / ...-.-,msg007_wpm25_clean.npy,msg007_wpm25_snr+30db_tone700.npy,msg007_wpm25_snr+30db_tone700.wav,7,25,30,30.003494,700,8000,5.0,AWGN,42,7,4,1
msg007_wpm25_snr+20db,VA3PARC DE VA3FMU RR FB TNX QSO HPE CU AGN 73 ES GUD DX VA3PARC DE VA3FMU <SK>,...- .- ...-- .--. .- .-. -.-. / -.. . / ...- .- ...-- ..-. -- ..- / .-. .-. / ..-. -... / - -. -..- / --.- ... --- / .... .--. . / -.-. ..- / .- --. -. / --... ...-- / . ... / --. ..- -.. / -.. -..- / ...- .- ...-- .--. .- .-. -.-. / -.. . / ...- .- ...-- ..-. -- ..- / ...-.-,msg007_wpm25_clean.npy,msg007_wpm25_snr+20db_tone700.npy,msg007_wpm25_snr+20db_tone700.wav,7,25,20,19.998697,700,8000,5.0,AWGN,42,7,4,2
msg007_wpm25_snr+10db,VA3PARC DE VA3FMU RR FB TNX QSO HPE CU AGN 73 ES GUD DX VA3PARC DE VA3FMU <SK>,...- .- ...-- .--. .- .-. -.-. / -.. . / ...- .- ...-- ..-. -- ..- / .-. .-. / ..-. -... / - -. -..- / --.- ... --- / .... .--. . / -.-. ..- / .- --. -. / --... ...-- / . ... / --. ..- -.. / -.. -..- / ...- .- ...-- .--. .- .-. -.-. / -.. . / ...- .- ...-- ..-. -- ..- / ...-.-,msg007_wpm25_clean.npy,msg007_wpm25_snr+10db_tone700.npy,msg007_wpm25_snr+10db_tone700.wav,7,25,10,9.970122,700,8000,5.0,AWGN,42,7,4,3
msg007_wpm25_snr+05db,VA3PARC DE VA3FMU RR FB TNX QSO HPE CU AGN 73 ES GUD DX VA3PARC DE VA3FMU <SK>,...- .- ...-- .--. .- .-. -.-. / -.. . / ...- .- ...-- ..-. -- ..- / .-. .-. / ..-. -... / - -. -..- / --.- ... --- / .... .--. . / -.-. ..- / .- --. -. / --... ...-- / . ... / --. ..- -.. / -.. -..- / ...- .- ...-- .--. .- .-. -.-. / -.. . / ...- .- ...-- ..-. -- ..- / ...-.-,msg007_wpm25_clean.npy,msg007_wpm25_snr+05db_tone700.npy,msg007_wpm25_snr+05db_tone700.wav,7,25,5,5.0232697,700,8000,5.0,AWGN,42,7,4,4
msg007_wpm25_snr+00db,VA3PARC DE VA3FMU RR FB TNX QSO HPE CU AGN 73 ES GUD DX VA3PARC DE VA3FMU <SK>,...- .- ...-- .--. .- .-. -.-. / -.. . / ...- .- ...-- ..-. -- ..- / .-. .-. / ..-. -... / - -. -..- / --.- ... --- / .... .--. . / -.-. ..- / .- --. -. / --... ...-- / . ... / --. ..- -.. / -.. -..- / ...- .- ...-- .--. .- .-. -.-. / -.. . / ...- .- ...-- ..-. -- ..- / ...-.-,msg007_wpm25_clean.npy,msg007_wpm25_snr+00db_tone700.npy,msg007_wpm25_snr+00db_tone700.wav,7,25,0,0.0013619061,700,8000,5.0,AWGN,42,7,4,5
msg007_wpm25_snr-05db,VA3PARC DE VA3FMU RR FB TNX QSO HPE CU AGN 73 ES GUD DX VA3PARC DE VA3FMU <SK>,...- .- ...-- .--. .- .-. -.-. / -.. . / ...- .- ...-- ..-. -- ..- / .-. .-. / ..-. -... / - -. -..- / --.- ... --- / .... .--. . / -.-. ..- / .- --. -. / --... ...-- / . ... / --. ..- -.. / -.. -..- / ...- .- ...-- .--. .- .-. -.-. / -.. . / ...- .- ...-- ..-. -- ..- / ...-.-,msg007_wpm25_clean.npy,msg007_wpm25_snr-05db_tone700.npy,msg007_wpm25_snr-05db_tone700.wav,7,25,-5,-4.9751515,700,8000,5.0,AWGN,42,7,4,6
msg007_wpm25_snr-10db,VA3PARC DE VA3FMU RR FB TNX QSO HPE CU AGN 73 ES GUD DX VA3PARC DE VA3FMU <SK>,...- .- ...-- .--. .- .-. -.-. / -.. . / ...- .- ...-- ..-. -- ..- / .-. .-. / ..-. -... / - -. -..- / --.- ... --- / .... .--. . / -.-. ..- / .- --. -. / --... ...-- / . ... / --. ..- -.. / -.. -..- / ...- .- ...-- .--. .- .-. -.-. / -.. . / ...- .- ...-- ..-. -- ..- / ...-.-,msg007_wpm25_clean.npy,msg007_wpm25_snr-10db_tone700.npy,msg007_wpm25_snr-10db_tone700.wav,7,25,-10,-10.021011,700,8000,5.0,AWGN,42,7,4,7
msg007_wpm30_snr+40db,VA3PARC DE VA3FMU RR FB TNX QSO HPE CU AGN 73 ES GUD DX VA3PARC DE VA3FMU <SK>,...- .- ...-- .--. .- .-. -.-. / -.. . / ...- .- ...-- ..-. -- ..- / .-. .-. / ..-. -... / - -. -..- / --.- ... --- / .... .--. . / -.-. ..- / .- --. -. / --... ...-- / . ... / --. ..- -.. / -.. -..- / ...- .- ...-- .--. .- .-. -.-. / -.. . / ...- .- ...-- ..-. -- ..- / ...-.-,msg007_wpm30_clean.npy,msg007_wpm30_snr+40db_tone700.npy,msg007_wpm30_snr+40db_tone700.wav,7,30,40,39.994774,700,8000,5.0,AWGN,42,7,5,0
msg007_wpm30_snr+30db,VA3PARC DE VA3FMU RR FB TNX QSO HPE CU AGN 73 ES GUD DX VA3PARC DE VA3FMU <SK>,...- .- ...-- .--. .- .-. -.-. / -.. . / ...- .- ...-- ..-. -- ..- / .-. .-. / ..-. -... / - -. -..- / --.- ... --- / .... .--. . / -.-. ..- / .- --. -. / --... ...-- / . ... / --. ..- -.. / -.. -..- / ...- .- ...-- .--. .- .-. -.-. / -.. . / ...- .- ...-- ..-. -- ..- / ...-.-,msg007_wpm30_clean.npy,msg007_wpm30_snr+30db_tone700.npy,msg007_wpm30_snr+30db_tone700.wav,7,30,30,29.980324,700,8000,5.0,AWGN,42,7,5,1
msg007_wpm30_snr+20db,VA3PARC DE VA3FMU RR FB TNX QSO HPE CU AGN 73 ES GUD DX VA3PARC DE VA3FMU <SK>,...- .- ...-- .--. .- .-. -.-. / -.. . / ...- .- ...-- ..-. -- ..- / .-. .-. / ..-. -... / - -. -..- / --.- ... --- / .... .--. . / -.-. ..- / .- --. -. / --... ...-- / . ... / --. ..- -.. / -.. -..- / ...- .- ...-- .--. .- .-. -.-. / -.. . / ...- .- ...-- ..-. -- ..- / ...-.-,msg007_wpm30_clean.npy,msg007_wpm30_snr+20db_tone700.npy,msg007_wpm30_snr+20db_tone700.wav,7,30,20,19.999952,700,8000,5.0,AWGN,42,7,5,2
msg007_wpm30_snr+10db,VA3PARC DE VA3FMU RR FB TNX QSO HPE CU AGN 73 ES GUD DX VA3PARC DE VA3FMU <SK>,...- .- ...-- .--. .- .-. -.-. / -.. . / ...- .- ...-- ..-. -- ..- / .-. .-. / ..-. -... / - -. -..- / --.- ... --- / .... .--. . / -.-. ..- / .- --. -. / --... ...-- / . ... / --. ..- -.. / -.. -..- / ...- .- ...-- .--. .- .-. -.-. / -.. . / ...- .- ...-- ..-. -- ..- / ...-.-,msg007_wpm30_clean.npy,msg007_wpm30_snr+10db_tone700.npy,msg007_wpm30_snr+10db_tone700.wav,7,30,10,10.035973,700,8000,5.0,AWGN,42,7,5,3
msg007_wpm30_snr+05db,VA3PARC DE VA3FMU RR FB TNX QSO HPE CU AGN 73 ES GUD DX VA3PARC DE VA3FMU <SK>,...- .- ...-- .--. .- .-. -.-. / -.. . / ...- .- ...-- ..-. -- ..- / .-. .-. / ..-. -... / - -. -..- / --.- ... --- / .... .--. . / -.-. ..- / .- --. -. / --... ...-- / . ... / --. ..- -.. / -.. -..- / ...- .- ...-- .--. .- .-. -.-. / -.. . / ...- .- ...-- ..-. -- ..- / ...-.-,msg007_wpm30_clean.npy,msg007_wpm30_snr+05db_tone700.npy,msg007_wpm30_snr+05db_tone700.wav,7,30,5,5.0136614,700,8000,5.0,AWGN,42,7,5,4
msg007_wpm30_snr+00db,VA3PARC DE VA3FMU RR FB TNX QSO HPE CU AGN 73 ES GUD DX VA3PARC DE VA3FMU <SK>,...- .- ...-- .--. .- .-. -.-. / -.. . / ...- .- ...-- ..-. -- ..- / .-. .-. / ..-. -... / - -. -..- / --.- ... --- / .... .--. . / -.-. ..- / .- --. -. / --... ...-- / . ... / --. ..- -.. / -.. -..- / ...- .- ...-- .--. .- .-. -.-. / -.. . / ...- .- ...-- ..-. -- ..- / ...-.-,msg007_wpm30_clean.npy,msg007_wpm30_snr+00db_tone700.npy,msg007_wpm30_snr+00db_tone700.wav,7,30,0,-0.0069064293,700,8000,5.0,AWGN,42,7,5,5
msg007_wpm30_snr-05db,VA3PARC DE VA3FMU RR FB TNX QSO HPE CU AGN 73 ES GUD DX VA3PARC DE VA3FMU <SK>,...- .- ...-- .--. .- .-. -.-. / -.. . / ...- .- ...-- ..-. -- ..- / .-. .-. / ..-. -... / - -. -..- / --.- ... --- / .... .--. . / -.-. ..- / .- --. -. / --... ...-- / . ... / --. ..- -.. / -.. -..- / ...- .- ...-- .--. .- .-. -.-. / -.. . / ...- .- ...-- ..-. -- ..- / ...-.-,msg007_wpm30_clean.npy,msg007_wpm30_snr-05db_tone700.npy,msg007_wpm30_snr-05db_tone700.wav,7,30,-5,-4.9871736,700,8000,5.0,AWGN,42,7,5,6
msg007_wpm30_snr-10db,VA3PARC DE VA3FMU RR FB TNX QSO HPE CU AGN 73 ES GUD DX VA3PARC DE VA3FMU <SK>,...- .- ...-- .--. .- .-. -.-. / -.. . / ...- .- ...-- ..-. -- ..- / .-. .-. / ..-. -... / - -. -..- / --.- ... --- / .... .--. . / -.-. ..- / .- --. -. / --... ...-- / . ... / --. ..- -.. / -.. -..- / ...- .- ...-- .--. .- .-. -.-. / -.. . / ...- .- ...-- ..-. -- ..- / ...-.-,msg007_wpm30_clean.npy,msg007_wpm30_snr-10db_tone700.npy,msg007_wpm30_snr-10db_tone700.wav,7,30,-10,-9.990704,700,8000,5.0,AWGN,42,7,5,7
